transaction_id,date,supplier_id,supplier_name,category,amount_usd,po_number,cost_center
TXN007001,2026-03-27,SUP001,Great Lakes Steel,raw-materials,6127.56,PO-46048,CC-200
TXN007002,2026-03-27,SUP003,Pacific Aluminum,raw-materials,11718.08,PO-81482,CC-100
TXN007003,2026-03-27,SUP004,Apex Electronics,raw-materials,3559.35,PO-22280,CC-200
TXN007004,2026-03-27,SUP006,Summit Metals,raw-materials,5390.11,PO-95181,CC-400
TXN007005,2026-03-27,SUP008,Frontier Plastics,raw-materials,4167.71,PO-10851,CC-200
TXN007006,2026-03-27,SUP011,Continental Freight,logistics,9294.17,PO-30379,CC-200
TXN007007,2026-03-27,SUP012,Patriot Logistics,logistics,7449.21,PO-22156,CC-400
TXN007008,2026-03-27,SUP012,Patriot Logistics,logistics,4971.56,PO-55082,CC-300
TXN007009,2026-03-27,SUP013,Eagle Transport,logistics,8334.71,PO-80284,CC-100
TXN007010,2026-03-27,SUP014,Horizon Carriers,logistics,4620.71,PO-82357,CC-300
TXN007011,2026-03-27,SUP014,Horizon Carriers,logistics,7350.64,PO-91070,CC-300
TXN007012,2026-03-27,SUP015,Summit Shipping,logistics,5431.02,PO-16006,CC-200
TXN007013,2026-03-27,SUP016,Gateway Freight,logistics,5122.81,PO-40512,CC-100
TXN007014,2026-03-27,SUP022,CloudBridge Systems,it-services,10851.67,PO-31319,CC-300
TXN007015,2026-03-27,SUP024,Pinnacle Software,it-services,5804.25,PO-99593,CC-100
TXN007016,2026-03-27,SUP025,DataVault Analytics,it-services,2177.34,PO-42087,CC-200
TXN007017,2026-03-27,SUP026,CyberShield Security,it-services,1981.62,PO-93886,CC-200
TXN007018,2026-03-27,SUP031,National Facilities Group,facilities,9617.96,PO-17331,CC-200
TXN007019,2026-03-27,SUP032,Metro Building Services,facilities,7626.87,PO-62581,CC-300
TXN007020,2026-03-27,SUP034,Atlas HVAC,facilities,3728.95,PO-51245,CC-200
TXN007021,2026-03-27,SUP034,Atlas HVAC,facilities,4074.73,PO-61856,CC-400
TXN007022,2026-03-27,SUP041,Whitfield Consulting,professional-services,8552.72,PO-86622,CC-400
TXN007023,2026-03-27,SUP042,Sterling Advisory,professional-services,5864.01,PO-38746,CC-200
TXN007024,2026-03-27,SUP043,Meridian Legal,professional-services,2709.84,PO-16175,CC-100
TXN007025,2026-03-27,SUP046,Catalyst Training,professional-services,2445.84,PO-60432,CC-400
TXN007026,2026-03-27,SUP047,Blueprint Marketing,professional-services,1579.18,PO-42953,CC-100
TXN007027,2026-03-27,SUP048,Ironside Recruiting,professional-services,675.59,PO-80381,CC-300
TXN007028,2026-03-27,SUP049,Northstar Audit,professional-services,748.62,PO-48469,CC-400
TXN007029,2026-03-27,SUP052,Agile Platforms,it-services,1887.89,PO-75612,CC-200
TXN007030,2026-03-27,SUP053,Heritage Painting,facilities,367.26,PO-91959,CC-300
TXN007031,2026-03-27,SUP054,Precision Plumbing,facilities,1207.63,PO-36071,CC-200
TXN007032,2026-03-28,SUP003,Pacific Aluminum,raw-materials,14431.26,PO-10074,CC-300
TXN007033,2026-03-28,SUP003,Pacific Aluminum,raw-materials,9641.32,PO-24662,CC-300
TXN007034,2026-03-28,SUP004,Apex Electronics,raw-materials,10396.7,PO-50306,CC-200
TXN007035,2026-03-28,SUP006,Summit Metals,raw-materials,7588.1,PO-21226,CC-400
TXN007036,2026-03-28,SUP007,Liberty Composites,raw-materials,5823.71,PO-79822,CC-200
TXN007037,2026-03-28,SUP011,Continental Freight,logistics,11981.04,PO-44741,CC-400
TXN007038,2026-03-28,SUP012,Patriot Logistics,logistics,13567.13,PO-36365,CC-300
TXN007039,2026-03-28,SUP012,Patriot Logistics,logistics,8093.7,PO-98039,CC-300
TXN007040,2026-03-28,SUP013,Eagle Transport,logistics,6747.9,PO-25860,CC-200
TXN007041,2026-03-28,SUP016,Gateway Freight,logistics,2298.92,PO-38864,CC-100
TXN007042,2026-03-28,SUP022,CloudBridge Systems,it-services,5463.18,PO-14117,CC-300
TXN007043,2026-03-28,SUP025,DataVault Analytics,it-services,2346.19,PO-27342,CC-400
TXN007044,2026-03-28,SUP031,National Facilities Group,facilities,6203.26,PO-22363,CC-100
TXN007045,2026-03-28,SUP032,Metro Building Services,facilities,4737.14,PO-63883,CC-400
TXN007046,2026-03-28,SUP033,Greenfield Maintenance,facilities,2187.92,PO-95649,CC-100
TXN007047,2026-03-28,SUP035,Cornerstone Electric,facilities,3799.16,PO-24322,CC-200
TXN007048,2026-03-28,SUP041,Whitfield Consulting,professional-services,4859.77,PO-34050,CC-300
TXN007049,2026-03-28,SUP042,Sterling Advisory,professional-services,9417.39,PO-19880,CC-400
TXN007050,2026-03-28,SUP043,Meridian Legal,professional-services,7069.62,PO-22833,CC-100
TXN007051,2026-03-28,SUP044,Crestline Accounting,professional-services,3954.29,PO-11934,CC-100
TXN007052,2026-03-28,SUP045,Vanguard Staffing,professional-services,4172.98,PO-31798,CC-400
TXN007053,2026-03-28,SUP045,Vanguard Staffing,professional-services,2944.57,PO-38016,CC-400
TXN007054,2026-03-28,SUP046,Catalyst Training,professional-services,1369.37,PO-10282,CC-400
TXN007055,2026-03-28,SUP046,Catalyst Training,professional-services,1620.1,PO-69638,CC-300
TXN007056,2026-03-28,SUP047,Blueprint Marketing,professional-services,2485.33,PO-82845,CC-400
TXN007057,2026-03-28,SUP050,Clearpath Compliance,professional-services,755.19,PO-81066,CC-100
TXN007058,2026-03-28,SUP050,Clearpath Compliance,professional-services,887.45,PO-17492,CC-100
TXN007059,2026-03-28,SUP051,Redstone Cloud,it-services,1137.9,PO-79615,CC-200
TXN007060,2026-03-28,SUP053,Heritage Painting,facilities,924.43,PO-18981,CC-100
TXN007061,2026-03-28,SUP054,Precision Plumbing,facilities,838.88,PO-25713,CC-200
TXN007062,2026-03-29,SUP001,Great Lakes Steel,raw-materials,6347.92,PO-20745,CC-400
TXN007063,2026-03-29,SUP002,Heartland Polymers,raw-materials,12855.4,PO-51467,CC-300
TXN007064,2026-03-29,SUP004,Apex Electronics,raw-materials,5327.95,PO-61876,CC-200
TXN007065,2026-03-29,SUP005,Cascade Fasteners,raw-materials,4389.02,PO-51441,CC-100
TXN007066,2026-03-29,SUP007,Liberty Composites,raw-materials,4050.06,PO-23104,CC-100
TXN007067,2026-03-29,SUP008,Frontier Plastics,raw-materials,3108.21,PO-27361,CC-300
TXN007068,2026-03-29,SUP011,Continental Freight,logistics,16205.44,PO-58434,CC-300
TXN007069,2026-03-29,SUP013,Eagle Transport,logistics,8138.81,PO-90173,CC-100
TXN007070,2026-03-29,SUP014,Horizon Carriers,logistics,5686.77,PO-96951,CC-100
TXN007071,2026-03-29,SUP015,Summit Shipping,logistics,2587.42,PO-25129,CC-100
TXN007072,2026-03-29,SUP015,Summit Shipping,logistics,5619.72,PO-30374,CC-300
TXN007073,2026-03-29,SUP023,Nexus IT Services,it-services,8374.51,PO-76244,CC-400
TXN007074,2026-03-29,SUP025,DataVault Analytics,it-services,1705.87,PO-93136,CC-400
TXN007075,2026-03-29,SUP025,DataVault Analytics,it-services,4756.08,PO-15778,CC-100
TXN007076,2026-03-29,SUP032,Metro Building Services,facilities,3501.65,PO-67912,CC-400
TXN007077,2026-03-29,SUP032,Metro Building Services,facilities,6061.7,PO-24663,CC-100
TXN007078,2026-03-29,SUP033,Greenfield Maintenance,facilities,5363.44,PO-29536,CC-100
TXN007079,2026-03-29,SUP033,Greenfield Maintenance,facilities,6079.35,PO-86350,CC-200
TXN007080,2026-03-29,SUP034,Atlas HVAC,facilities,1670.73,PO-57795,CC-100
TXN007081,2026-03-29,SUP035,Cornerstone Electric,facilities,1906.27,PO-42706,CC-100
TXN007082,2026-03-29,SUP041,Whitfield Consulting,professional-services,11661.72,PO-91351,CC-200
TXN007083,2026-03-29,SUP042,Sterling Advisory,professional-services,4647.38,PO-31299,CC-200
TXN007084,2026-03-29,SUP042,Sterling Advisory,professional-services,9469.22,PO-13248,CC-200
TXN007085,2026-03-29,SUP043,Meridian Legal,professional-services,4084.78,PO-63964,CC-200
TXN007086,2026-03-29,SUP045,Vanguard Staffing,professional-services,1667.12,PO-15075,CC-400
TXN007087,2026-03-29,SUP047,Blueprint Marketing,professional-services,1564.84,PO-50001,CC-200
TXN007088,2026-03-29,SUP049,Northstar Audit,professional-services,808.83,PO-46517,CC-100
TXN007089,2026-03-29,SUP050,Clearpath Compliance,professional-services,520.08,PO-94080,CC-400
TXN007090,2026-03-29,SUP050,Clearpath Compliance,professional-services,833.81,PO-80282,CC-300
TXN007091,2026-03-29,SUP051,Redstone Cloud,it-services,641.04,PO-44237,CC-200
TXN007092,2026-03-29,SUP051,Redstone Cloud,it-services,1237.58,PO-44795,CC-100
TXN007093,2026-03-29,SUP053,Heritage Painting,facilities,832.58,PO-51114,CC-400
TXN007094,2026-03-29,SUP054,Precision Plumbing,facilities,1212.72,PO-60488,CC-200
TXN007095,2026-03-30,SUP002,Heartland Polymers,raw-materials,5228.37,PO-80575,CC-200
TXN007096,2026-03-30,SUP005,Cascade Fasteners,raw-materials,4582.65,PO-51145,CC-100
TXN007097,2026-03-30,SUP006,Summit Metals,raw-materials,3903.21,PO-50538,CC-400
TXN007098,2026-03-30,SUP008,Frontier Plastics,raw-materials,3277.59,PO-35144,CC-400
TXN007099,2026-03-30,SUP011,Continental Freight,logistics,9792.88,PO-32810,CC-300
TXN007100,2026-03-30,SUP012,Patriot Logistics,logistics,12583.96,PO-49829,CC-300
TXN007101,2026-03-30,SUP014,Horizon Carriers,logistics,6001.98,PO-52237,CC-400
TXN007102,2026-03-30,SUP015,Summit Shipping,logistics,5286.69,PO-77000,CC-400
TXN007103,2026-03-30,SUP016,Gateway Freight,logistics,5027.86,PO-32241,CC-100
TXN007104,2026-03-30,SUP022,CloudBridge Systems,it-services,8938.62,PO-22240,CC-200
TXN007105,2026-03-30,SUP023,Nexus IT Services,it-services,4122.91,PO-36100,CC-200
TXN007106,2026-03-30,SUP026,CyberShield Security,it-services,3736.88,PO-19545,CC-400
TXN007107,2026-03-30,SUP031,National Facilities Group,facilities,7948.3,PO-35485,CC-400
TXN007108,2026-03-30,SUP032,Metro Building Services,facilities,4029.93,PO-95990,CC-100
TXN007109,2026-03-30,SUP033,Greenfield Maintenance,facilities,6208.22,PO-23970,CC-400
TXN007110,2026-03-30,SUP035,Cornerstone Electric,facilities,3463.61,PO-70889,CC-100
TXN007111,2026-03-30,SUP036,SafeGuard Fire Systems,facilities,3246.3,PO-25906,CC-400
TXN007112,2026-03-30,SUP042,Sterling Advisory,professional-services,6849.29,PO-83259,CC-300
TXN007113,2026-03-30,SUP043,Meridian Legal,professional-services,7271.69,PO-90301,CC-400
TXN007114,2026-03-30,SUP043,Meridian Legal,professional-services,6924.89,PO-81810,CC-400
TXN007115,2026-03-30,SUP044,Crestline Accounting,professional-services,4822.2,PO-72216,CC-400
TXN007116,2026-03-30,SUP047,Blueprint Marketing,professional-services,2130.66,PO-78327,CC-400
TXN007117,2026-03-30,SUP048,Ironside Recruiting,professional-services,892.19,PO-20155,CC-300
TXN007118,2026-03-30,SUP051,Redstone Cloud,it-services,596.47,PO-29769,CC-200
TXN007119,2026-03-31,SUP001,Great Lakes Steel,raw-materials,10703.05,PO-71069,CC-400
TXN007120,2026-03-31,SUP003,Pacific Aluminum,raw-materials,8546.83,PO-86556,CC-100
TXN007121,2026-03-31,SUP004,Apex Electronics,raw-materials,9831.93,PO-59857,CC-400
TXN007122,2026-03-31,SUP007,Liberty Composites,raw-materials,5291.45,PO-64921,CC-200
TXN007123,2026-03-31,SUP008,Frontier Plastics,raw-materials,2295.12,PO-73654,CC-100
TXN007124,2026-03-31,SUP012,Patriot Logistics,logistics,12216.43,PO-31632,CC-400
TXN007125,2026-03-31,SUP013,Eagle Transport,logistics,10211.98,PO-80008,CC-100
TXN007126,2026-03-31,SUP013,Eagle Transport,logistics,9660.04,PO-87580,CC-100
TXN007127,2026-03-31,SUP015,Summit Shipping,logistics,6240.19,PO-33819,CC-100
TXN007128,2026-03-31,SUP022,CloudBridge Systems,it-services,6429.8,PO-59692,CC-300
TXN007129,2026-03-31,SUP023,Nexus IT Services,it-services,8232.47,PO-43065,CC-100
TXN007130,2026-03-31,SUP024,Pinnacle Software,it-services,6056.43,PO-16826,CC-300
TXN007131,2026-03-31,SUP031,National Facilities Group,facilities,3329.15,PO-14067,CC-200
TXN007132,2026-03-31,SUP031,National Facilities Group,facilities,4575.81,PO-12671,CC-200
TXN007133,2026-03-31,SUP033,Greenfield Maintenance,facilities,2488.19,PO-38569,CC-400
TXN007134,2026-03-31,SUP034,Atlas HVAC,facilities,4511.41,PO-31992,CC-100
TXN007135,2026-03-31,SUP035,Cornerstone Electric,facilities,1757.82,PO-50768,CC-100
TXN007136,2026-03-31,SUP036,SafeGuard Fire Systems,facilities,3274.76,PO-85470,CC-400
TXN007137,2026-03-31,SUP042,Sterling Advisory,professional-services,3445.12,PO-92213,CC-200
TXN007138,2026-03-31,SUP044,Crestline Accounting,professional-services,5277.97,PO-88697,CC-100
TXN007139,2026-03-31,SUP045,Vanguard Staffing,professional-services,3216.24,PO-15383,CC-300
TXN007140,2026-03-31,SUP046,Catalyst Training,professional-services,2608.18,PO-19038,CC-300
TXN007141,2026-03-31,SUP048,Ironside Recruiting,professional-services,1184.0,PO-66822,CC-300
TXN007142,2026-03-31,SUP049,Northstar Audit,professional-services,1253.21,PO-30052,CC-400
TXN007143,2026-03-31,SUP051,Redstone Cloud,it-services,1327.16,PO-90728,CC-400
TXN007144,2026-03-31,SUP052,Agile Platforms,it-services,2069.2,PO-87656,CC-300
TXN007145,2026-04-01,SUP001,Great Lakes Steel,raw-materials,9925.89,PO-69087,CC-200
TXN007146,2026-04-01,SUP001,Great Lakes Steel,raw-materials,16979.73,PO-84691,CC-400
TXN007147,2026-04-01,SUP003,Pacific Aluminum,raw-materials,7835.09,PO-73904,CC-200
TXN007148,2026-04-01,SUP007,Liberty Composites,raw-materials,5405.39,PO-82848,CC-100
TXN007149,2026-04-01,SUP008,Frontier Plastics,raw-materials,2009.33,PO-41635,CC-400
TXN007150,2026-04-01,SUP011,Continental Freight,logistics,14652.63,PO-72402,CC-400
TXN007151,2026-04-01,SUP012,Patriot Logistics,logistics,4150.7,PO-48566,CC-200
TXN007152,2026-04-01,SUP013,Eagle Transport,logistics,4696.5,PO-97026,CC-300
TXN007153,2026-04-01,SUP014,Horizon Carriers,logistics,5543.39,PO-65771,CC-300
TXN007154,2026-04-01,SUP016,Gateway Freight,logistics,2585.04,PO-40217,CC-100
TXN007155,2026-04-01,SUP021,TechForward Solutions,it-services,6982.45,PO-80236,CC-200
TXN007156,2026-04-01,SUP023,Nexus IT Services,it-services,4473.85,PO-87278,CC-300
TXN007157,2026-04-01,SUP024,Pinnacle Software,it-services,6503.08,PO-48829,CC-200
TXN007158,2026-04-01,SUP024,Pinnacle Software,it-services,3982.79,PO-49618,CC-100
TXN007159,2026-04-01,SUP025,DataVault Analytics,it-services,2002.78,PO-15965,CC-100
TXN007160,2026-04-01,SUP026,CyberShield Security,it-services,3275.74,PO-26551,CC-400
TXN007161,2026-04-01,SUP034,Atlas HVAC,facilities,2841.67,PO-16734,CC-300
TXN007162,2026-04-01,SUP035,Cornerstone Electric,facilities,2764.23,PO-18564,CC-400
TXN007163,2026-04-01,SUP035,Cornerstone Electric,facilities,2809.16,PO-85631,CC-100
TXN007164,2026-04-01,SUP041,Whitfield Consulting,professional-services,12350.81,PO-21164,CC-200
TXN007165,2026-04-01,SUP043,Meridian Legal,professional-services,5646.96,PO-91057,CC-200
TXN007166,2026-04-01,SUP044,Crestline Accounting,professional-services,3269.56,PO-68028,CC-300
TXN007167,2026-04-01,SUP045,Vanguard Staffing,professional-services,4651.2,PO-50026,CC-100
TXN007168,2026-04-01,SUP046,Catalyst Training,professional-services,2804.06,PO-37235,CC-200
TXN007169,2026-04-01,SUP050,Clearpath Compliance,professional-services,424.02,PO-63545,CC-400
TXN007170,2026-04-01,SUP051,Redstone Cloud,it-services,1095.67,PO-14278,CC-200
TXN007171,2026-04-01,SUP054,Precision Plumbing,facilities,616.88,PO-40595,CC-300
TXN007172,2026-04-02,SUP001,Great Lakes Steel,raw-materials,15103.61,PO-96662,CC-200
TXN007173,2026-04-02,SUP002,Heartland Polymers,raw-materials,12575.72,PO-94886,CC-200
TXN007174,2026-04-02,SUP003,Pacific Aluminum,raw-materials,13373.49,PO-19359,CC-100
TXN007175,2026-04-02,SUP003,Pacific Aluminum,raw-materials,6078.54,PO-50319,CC-300
TXN007176,2026-04-02,SUP004,Apex Electronics,raw-materials,7294.08,PO-49857,CC-400
TXN007177,2026-04-02,SUP005,Cascade Fasteners,raw-materials,5674.26,PO-74722,CC-400
TXN007178,2026-04-02,SUP005,Cascade Fasteners,raw-materials,2981.46,PO-15224,CC-400
TXN007179,2026-04-02,SUP006,Summit Metals,raw-materials,5632.12,PO-13390,CC-100
TXN007180,2026-04-02,SUP008,Frontier Plastics,raw-materials,4346.02,PO-86955,CC-100
TXN007181,2026-04-02,SUP011,Continental Freight,logistics,13551.45,PO-45325,CC-100
TXN007182,2026-04-02,SUP011,Continental Freight,logistics,14716.03,PO-32962,CC-400
TXN007183,2026-04-02,SUP012,Patriot Logistics,logistics,8540.29,PO-46458,CC-200
TXN007184,2026-04-02,SUP013,Eagle Transport,logistics,6136.89,PO-74451,CC-100
TXN007185,2026-04-02,SUP013,Eagle Transport,logistics,6392.13,PO-63523,CC-300
TXN007186,2026-04-02,SUP021,TechForward Solutions,it-services,8776.73,PO-96846,CC-400
TXN007187,2026-04-02,SUP022,CloudBridge Systems,it-services,8322.78,PO-69614,CC-100
TXN007188,2026-04-02,SUP025,DataVault Analytics,it-services,3090.33,PO-77449,CC-100
TXN007189,2026-04-02,SUP025,DataVault Analytics,it-services,4083.44,PO-81118,CC-400
TXN007190,2026-04-02,SUP026,CyberShield Security,it-services,1732.27,PO-57419,CC-400
TXN007191,2026-04-02,SUP031,National Facilities Group,facilities,8968.69,PO-36680,CC-300
TXN007192,2026-04-02,SUP032,Metro Building Services,facilities,8413.03,PO-67424,CC-400
TXN007193,2026-04-02,SUP034,Atlas HVAC,facilities,3892.29,PO-41365,CC-200
TXN007194,2026-04-02,SUP034,Atlas HVAC,facilities,2724.31,PO-11792,CC-400
TXN007195,2026-04-02,SUP036,SafeGuard Fire Systems,facilities,3234.98,PO-70482,CC-100
TXN007196,2026-04-02,SUP036,SafeGuard Fire Systems,facilities,2573.74,PO-30181,CC-400
TXN007197,2026-04-02,SUP041,Whitfield Consulting,professional-services,6264.36,PO-45838,CC-400
TXN007198,2026-04-02,SUP041,Whitfield Consulting,professional-services,11291.42,PO-71894,CC-200
TXN007199,2026-04-02,SUP042,Sterling Advisory,professional-services,3958.55,PO-34983,CC-200
TXN007200,2026-04-02,SUP043,Meridian Legal,professional-services,3766.01,PO-64387,CC-300
TXN007201,2026-04-02,SUP044,Crestline Accounting,professional-services,3813.89,PO-10336,CC-300
TXN007202,2026-04-02,SUP044,Crestline Accounting,professional-services,4746.96,PO-86931,CC-400
TXN007203,2026-04-02,SUP045,Vanguard Staffing,professional-services,2812.29,PO-73483,CC-300
TXN007204,2026-04-02,SUP047,Blueprint Marketing,professional-services,1410.94,PO-52176,CC-200
TXN007205,2026-04-02,SUP048,Ironside Recruiting,professional-services,843.75,PO-60196,CC-200
TXN007206,2026-04-02,SUP048,Ironside Recruiting,professional-services,1679.1,PO-63841,CC-100
TXN007207,2026-04-02,SUP050,Clearpath Compliance,professional-services,1017.1,PO-59968,CC-400
TXN007208,2026-04-02,SUP051,Redstone Cloud,it-services,1509.15,PO-95461,CC-200
TXN007209,2026-04-02,SUP051,Redstone Cloud,it-services,1128.26,PO-14852,CC-200
TXN007210,2026-04-02,SUP052,Agile Platforms,it-services,1666.5,PO-23154,CC-400
TXN007211,2026-04-02,SUP054,Precision Plumbing,facilities,541.32,PO-28894,CC-400
TXN007212,2026-04-02,SUP054,Precision Plumbing,facilities,1699.29,PO-30232,CC-100
TXN007213,2026-04-03,SUP001,Great Lakes Steel,raw-materials,20251.65,PO-54375,CC-400
TXN007214,2026-04-03,SUP002,Heartland Polymers,raw-materials,16733.48,PO-98389,CC-400
TXN007215,2026-04-03,SUP003,Pacific Aluminum,raw-materials,11167.13,PO-73956,CC-100
TXN007216,2026-04-03,SUP003,Pacific Aluminum,raw-materials,11064.0,PO-40771,CC-300
TXN007217,2026-04-03,SUP004,Apex Electronics,raw-materials,9670.99,PO-66881,CC-100
TXN007218,2026-04-03,SUP004,Apex Electronics,raw-materials,9787.27,PO-23173,CC-400
TXN007219,2026-04-03,SUP013,Eagle Transport,logistics,4703.18,PO-64008,CC-200
TXN007220,2026-04-03,SUP016,Gateway Freight,logistics,3755.9,PO-41566,CC-400
TXN007221,2026-04-03,SUP021,TechForward Solutions,it-services,5262.87,PO-70443,CC-300
TXN007222,2026-04-03,SUP021,TechForward Solutions,it-services,8418.73,PO-97404,CC-100
TXN007223,2026-04-03,SUP022,CloudBridge Systems,it-services,7567.32,PO-47700,CC-200
TXN007224,2026-04-03,SUP024,Pinnacle Software,it-services,7331.29,PO-49210,CC-400
TXN007225,2026-04-03,SUP024,Pinnacle Software,it-services,5742.77,PO-69878,CC-300
TXN007226,2026-04-03,SUP031,National Facilities Group,facilities,4872.35,PO-84963,CC-300
TXN007227,2026-04-03,SUP032,Metro Building Services,facilities,8829.86,PO-48696,CC-100
TXN007228,2026-04-03,SUP033,Greenfield Maintenance,facilities,5199.94,PO-45976,CC-100
TXN007229,2026-04-03,SUP033,Greenfield Maintenance,facilities,4739.7,PO-99889,CC-100
TXN007230,2026-04-03,SUP034,Atlas HVAC,facilities,4426.29,PO-47512,CC-200
TXN007231,2026-04-03,SUP034,Atlas HVAC,facilities,3885.21,PO-56179,CC-200
TXN007232,2026-04-03,SUP035,Cornerstone Electric,facilities,3223.13,PO-98835,CC-200
TXN007233,2026-04-03,SUP036,SafeGuard Fire Systems,facilities,3211.23,PO-94717,CC-100
TXN007234,2026-04-03,SUP042,Sterling Advisory,professional-services,7211.61,PO-27224,CC-100
TXN007235,2026-04-03,SUP043,Meridian Legal,professional-services,4053.63,PO-64460,CC-200
TXN007236,2026-04-03,SUP043,Meridian Legal,professional-services,3336.04,PO-80701,CC-300
TXN007237,2026-04-03,SUP044,Crestline Accounting,professional-services,5548.05,PO-31567,CC-300
TXN007238,2026-04-03,SUP045,Vanguard Staffing,professional-services,4496.09,PO-48684,CC-300
TXN007239,2026-04-03,SUP045,Vanguard Staffing,professional-services,4022.54,PO-71385,CC-100
TXN007240,2026-04-03,SUP047,Blueprint Marketing,professional-services,2305.36,PO-98395,CC-400
TXN007241,2026-04-03,SUP047,Blueprint Marketing,professional-services,2503.77,PO-83048,CC-300
TXN007242,2026-04-03,SUP053,Heritage Painting,facilities,483.75,PO-59941,CC-300
TXN007243,2026-04-04,SUP003,Pacific Aluminum,raw-materials,10445.13,PO-89964,CC-200
TXN007244,2026-04-04,SUP004,Apex Electronics,raw-materials,8719.07,PO-70852,CC-300
TXN007245,2026-04-04,SUP005,Cascade Fasteners,raw-materials,3213.76,PO-15943,CC-100
TXN007246,2026-04-04,SUP007,Liberty Composites,raw-materials,2059.23,PO-80457,CC-200
TXN007247,2026-04-04,SUP012,Patriot Logistics,logistics,11166.42,PO-80804,CC-400
TXN007248,2026-04-04,SUP012,Patriot Logistics,logistics,10039.1,PO-30253,CC-400
TXN007249,2026-04-04,SUP013,Eagle Transport,logistics,9112.28,PO-90694,CC-400
TXN007250,2026-04-04,SUP014,Horizon Carriers,logistics,4022.54,PO-58566,CC-200
TXN007251,2026-04-04,SUP014,Horizon Carriers,logistics,5013.36,PO-40947,CC-300
TXN007252,2026-04-04,SUP016,Gateway Freight,logistics,3474.51,PO-94518,CC-300
TXN007253,2026-04-04,SUP023,Nexus IT Services,it-services,9024.81,PO-69600,CC-100
TXN007254,2026-04-04,SUP023,Nexus IT Services,it-services,7087.78,PO-94109,CC-100
TXN007255,2026-04-04,SUP026,CyberShield Security,it-services,3546.88,PO-36896,CC-100
TXN007256,2026-04-04,SUP026,CyberShield Security,it-services,3676.57,PO-82641,CC-200
TXN007257,2026-04-04,SUP031,National Facilities Group,facilities,9384.47,PO-40539,CC-300
TXN007258,2026-04-04,SUP032,Metro Building Services,facilities,7521.72,PO-88116,CC-100
TXN007259,2026-04-04,SUP034,Atlas HVAC,facilities,5375.79,PO-80807,CC-300
TXN007260,2026-04-04,SUP034,Atlas HVAC,facilities,4635.27,PO-24408,CC-100
TXN007261,2026-04-04,SUP041,Whitfield Consulting,professional-services,9014.58,PO-12068,CC-200
TXN007262,2026-04-04,SUP044,Crestline Accounting,professional-services,2129.57,PO-18330,CC-400
TXN007263,2026-04-04,SUP045,Vanguard Staffing,professional-services,2526.35,PO-87812,CC-100
TXN007264,2026-04-04,SUP046,Catalyst Training,professional-services,1511.26,PO-90623,CC-100
TXN007265,2026-04-04,SUP047,Blueprint Marketing,professional-services,2395.39,PO-96363,CC-300
TXN007266,2026-04-04,SUP048,Ironside Recruiting,professional-services,1825.28,PO-17972,CC-400
TXN007267,2026-04-04,SUP049,Northstar Audit,professional-services,837.55,PO-24150,CC-400
TXN007268,2026-04-04,SUP050,Clearpath Compliance,professional-services,648.93,PO-20589,CC-300
TXN007269,2026-04-04,SUP051,Redstone Cloud,it-services,577.37,PO-46046,CC-300
TXN007270,2026-04-04,SUP053,Heritage Painting,facilities,508.24,PO-76263,CC-400
TXN007271,2026-04-05,SUP001,Great Lakes Steel,raw-materials,18510.27,PO-95316,CC-200
TXN007272,2026-04-05,SUP002,Heartland Polymers,raw-materials,17225.12,PO-64239,CC-300
TXN007273,2026-04-05,SUP003,Pacific Aluminum,raw-materials,8648.99,PO-22463,CC-300
TXN007274,2026-04-05,SUP004,Apex Electronics,raw-materials,8972.98,PO-59060,CC-200
TXN007275,2026-04-05,SUP005,Cascade Fasteners,raw-materials,5506.27,PO-21957,CC-100
TXN007276,2026-04-05,SUP008,Frontier Plastics,raw-materials,4175.87,PO-82924,CC-100
TXN007277,2026-04-05,SUP011,Continental Freight,logistics,12132.12,PO-53207,CC-100
TXN007278,2026-04-05,SUP012,Patriot Logistics,logistics,12995.89,PO-65435,CC-100
TXN007279,2026-04-05,SUP013,Eagle Transport,logistics,7367.45,PO-56090,CC-100
TXN007280,2026-04-05,SUP013,Eagle Transport,logistics,7199.23,PO-37884,CC-200
TXN007281,2026-04-05,SUP014,Horizon Carriers,logistics,3686.52,PO-24184,CC-300
TXN007282,2026-04-05,SUP015,Summit Shipping,logistics,3750.58,PO-46512,CC-200
TXN007283,2026-04-05,SUP016,Gateway Freight,logistics,4599.0,PO-91490,CC-100
TXN007284,2026-04-05,SUP021,TechForward Solutions,it-services,10395.91,PO-45054,CC-100
TXN007285,2026-04-05,SUP023,Nexus IT Services,it-services,4693.68,PO-54541,CC-300
TXN007286,2026-04-05,SUP025,DataVault Analytics,it-services,3725.59,PO-62531,CC-100
TXN007287,2026-04-05,SUP031,National Facilities Group,facilities,3253.92,PO-79531,CC-200
TXN007288,2026-04-05,SUP033,Greenfield Maintenance,facilities,2702.7,PO-50846,CC-300
TXN007289,2026-04-05,SUP034,Atlas HVAC,facilities,3730.57,PO-21135,CC-100
TXN007290,2026-04-05,SUP036,SafeGuard Fire Systems,facilities,1082.97,PO-20693,CC-300
TXN007291,2026-04-05,SUP041,Whitfield Consulting,professional-services,7488.14,PO-89570,CC-400
TXN007292,2026-04-05,SUP042,Sterling Advisory,professional-services,4489.05,PO-77154,CC-100
TXN007293,2026-04-05,SUP045,Vanguard Staffing,professional-services,3308.28,PO-79066,CC-300
TXN007294,2026-04-05,SUP048,Ironside Recruiting,professional-services,530.95,PO-49507,CC-200
TXN007295,2026-04-05,SUP049,Northstar Audit,professional-services,1186.54,PO-47938,CC-300
TXN007296,2026-04-05,SUP051,Redstone Cloud,it-services,1045.33,PO-26932,CC-400
TXN007297,2026-04-05,SUP052,Agile Platforms,it-services,1050.93,PO-83233,CC-300
TXN007298,2026-04-05,SUP054,Precision Plumbing,facilities,577.8,PO-12456,CC-400
TXN007299,2026-04-06,SUP001,Great Lakes Steel,raw-materials,18649.65,PO-85465,CC-400
TXN007300,2026-04-06,SUP001,Great Lakes Steel,raw-materials,14330.86,PO-93904,CC-400
TXN007301,2026-04-06,SUP003,Pacific Aluminum,raw-materials,14914.48,PO-32527,CC-400
TXN007302,2026-04-06,SUP004,Apex Electronics,raw-materials,11149.81,PO-21551,CC-400
TXN007303,2026-04-06,SUP005,Cascade Fasteners,raw-materials,4025.65,PO-87184,CC-400
TXN007304,2026-04-06,SUP006,Summit Metals,raw-materials,4447.11,PO-50668,CC-300
TXN007305,2026-04-06,SUP008,Frontier Plastics,raw-materials,1609.06,PO-92998,CC-100
TXN007306,2026-04-06,SUP011,Continental Freight,logistics,7417.72,PO-55793,CC-300
TXN007307,2026-04-06,SUP012,Patriot Logistics,logistics,12431.33,PO-29358,CC-200
TXN007308,2026-04-06,SUP021,TechForward Solutions,it-services,4587.08,PO-92306,CC-400
TXN007309,2026-04-06,SUP022,CloudBridge Systems,it-services,8444.22,PO-85952,CC-400
TXN007310,2026-04-06,SUP023,Nexus IT Services,it-services,8571.67,PO-94278,CC-300
TXN007311,2026-04-06,SUP024,Pinnacle Software,it-services,5405.68,PO-29786,CC-400
TXN007312,2026-04-06,SUP026,CyberShield Security,it-services,2081.14,PO-46002,CC-100
TXN007313,2026-04-06,SUP033,Greenfield Maintenance,facilities,2105.33,PO-58331,CC-300
TXN007314,2026-04-06,SUP035,Cornerstone Electric,facilities,3974.5,PO-90610,CC-400
TXN007315,2026-04-06,SUP036,SafeGuard Fire Systems,facilities,2340.9,PO-15376,CC-400
TXN007316,2026-04-06,SUP041,Whitfield Consulting,professional-services,8855.34,PO-34672,CC-300
TXN007317,2026-04-06,SUP041,Whitfield Consulting,professional-services,9164.16,PO-75715,CC-200
TXN007318,2026-04-06,SUP042,Sterling Advisory,professional-services,6246.38,PO-55015,CC-100
TXN007319,2026-04-06,SUP042,Sterling Advisory,professional-services,6650.46,PO-32617,CC-100
TXN007320,2026-04-06,SUP044,Crestline Accounting,professional-services,3521.91,PO-78517,CC-200
TXN007321,2026-04-06,SUP046,Catalyst Training,professional-services,1924.79,PO-54350,CC-100
TXN007322,2026-04-06,SUP046,Catalyst Training,professional-services,2926.57,PO-94843,CC-300
TXN007323,2026-04-06,SUP049,Northstar Audit,professional-services,690.75,PO-96057,CC-200
TXN007324,2026-04-06,SUP051,Redstone Cloud,it-services,674.49,PO-55851,CC-300
TXN007325,2026-04-06,SUP052,Agile Platforms,it-services,1851.65,PO-61374,CC-200
TXN007326,2026-04-06,SUP052,Agile Platforms,it-services,1674.81,PO-21104,CC-300
TXN007327,2026-04-06,SUP053,Heritage Painting,facilities,768.97,PO-53054,CC-200
TXN007328,2026-04-06,SUP054,Precision Plumbing,facilities,1642.48,PO-99838,CC-100
TXN007329,2026-04-07,SUP001,Great Lakes Steel,raw-materials,12087.12,PO-57425,CC-100
TXN007330,2026-04-07,SUP005,Cascade Fasteners,raw-materials,5583.22,PO-39693,CC-200
TXN007331,2026-04-07,SUP005,Cascade Fasteners,raw-materials,3459.1,PO-48770,CC-100
TXN007332,2026-04-07,SUP006,Summit Metals,raw-materials,5267.73,PO-79013,CC-100
TXN007333,2026-04-07,SUP007,Liberty Composites,raw-materials,5389.51,PO-91006,CC-200
TXN007334,2026-04-07,SUP008,Frontier Plastics,raw-materials,1880.87,PO-33703,CC-200
TXN007335,2026-04-07,SUP011,Continental Freight,logistics,5491.73,PO-57749,CC-200
TXN007336,2026-04-07,SUP012,Patriot Logistics,logistics,10279.3,PO-68841,CC-200
TXN007337,2026-04-07,SUP012,Patriot Logistics,logistics,9488.28,PO-50562,CC-400
TXN007338,2026-04-07,SUP013,Eagle Transport,logistics,4327.85,PO-98907,CC-400
TXN007339,2026-04-07,SUP013,Eagle Transport,logistics,6329.83,PO-46932,CC-400
TXN007340,2026-04-07,SUP014,Horizon Carriers,logistics,4863.67,PO-31241,CC-200
TXN007341,2026-04-07,SUP015,Summit Shipping,logistics,2607.91,PO-42768,CC-100
TXN007342,2026-04-07,SUP016,Gateway Freight,logistics,4707.31,PO-82684,CC-100
TXN007343,2026-04-07,SUP021,TechForward Solutions,it-services,8980.58,PO-26341,CC-300
TXN007344,2026-04-07,SUP024,Pinnacle Software,it-services,4797.36,PO-67340,CC-100
TXN007345,2026-04-07,SUP025,DataVault Analytics,it-services,2376.75,PO-69130,CC-300
TXN007346,2026-04-07,SUP025,DataVault Analytics,it-services,5152.26,PO-64381,CC-100
TXN007347,2026-04-07,SUP041,Whitfield Consulting,professional-services,6666.52,PO-29142,CC-200
TXN007348,2026-04-07,SUP043,Meridian Legal,professional-services,4884.13,PO-28191,CC-400
TXN007349,2026-04-07,SUP043,Meridian Legal,professional-services,4748.19,PO-10688,CC-100
TXN007350,2026-04-07,SUP047,Blueprint Marketing,professional-services,1840.01,PO-65476,CC-100
TXN007351,2026-04-07,SUP047,Blueprint Marketing,professional-services,2149.84,PO-41147,CC-300
TXN007352,2026-04-07,SUP050,Clearpath Compliance,professional-services,789.38,PO-18232,CC-100
TXN007353,2026-04-07,SUP051,Redstone Cloud,it-services,1134.03,PO-80261,CC-100
TXN007354,2026-04-07,SUP052,Agile Platforms,it-services,1640.63,PO-28818,CC-300
TXN007355,2026-04-07,SUP053,Heritage Painting,facilities,747.52,PO-41531,CC-400
TXN007356,2026-04-08,SUP001,Great Lakes Steel,raw-materials,13584.18,PO-57265,CC-100
TXN007357,2026-04-08,SUP002,Heartland Polymers,raw-materials,12569.22,PO-76535,CC-100
TXN007358,2026-04-08,SUP002,Heartland Polymers,raw-materials,10489.98,PO-71621,CC-100
TXN007359,2026-04-08,SUP003,Pacific Aluminum,raw-materials,15078.33,PO-43246,CC-100
TXN007360,2026-04-08,SUP007,Liberty Composites,raw-materials,2086.89,PO-86271,CC-300
TXN007361,2026-04-08,SUP013,Eagle Transport,logistics,9087.53,PO-99742,CC-400
TXN007362,2026-04-08,SUP014,Horizon Carriers,logistics,5226.18,PO-33891,CC-200
TXN007363,2026-04-08,SUP014,Horizon Carriers,logistics,2710.83,PO-69988,CC-100
TXN007364,2026-04-08,SUP023,Nexus IT Services,it-services,6090.4,PO-81176,CC-400
TXN007365,2026-04-08,SUP023,Nexus IT Services,it-services,4316.95,PO-94790,CC-200
TXN007366,2026-04-08,SUP025,DataVault Analytics,it-services,1694.14,PO-95948,CC-300
TXN007367,2026-04-08,SUP031,National Facilities Group,facilities,6437.48,PO-62431,CC-400
TXN007368,2026-04-08,SUP032,Metro Building Services,facilities,4944.52,PO-34486,CC-400
TXN007369,2026-04-08,SUP033,Greenfield Maintenance,facilities,3749.51,PO-78062,CC-300
TXN007370,2026-04-08,SUP034,Atlas HVAC,facilities,4355.41,PO-20345,CC-400
TXN007371,2026-04-08,SUP035,Cornerstone Electric,facilities,3868.87,PO-81496,CC-300
TXN007372,2026-04-08,SUP042,Sterling Advisory,professional-services,5169.13,PO-88986,CC-400
TXN007373,2026-04-08,SUP044,Crestline Accounting,professional-services,3554.86,PO-56210,CC-400
TXN007374,2026-04-08,SUP046,Catalyst Training,professional-services,3322.17,PO-19835,CC-400
TXN007375,2026-04-08,SUP046,Catalyst Training,professional-services,1864.69,PO-99051,CC-200
TXN007376,2026-04-08,SUP047,Blueprint Marketing,professional-services,976.76,PO-89635,CC-400
TXN007377,2026-04-08,SUP047,Blueprint Marketing,professional-services,776.78,PO-18812,CC-200
TXN007378,2026-04-08,SUP048,Ironside Recruiting,professional-services,1016.35,PO-60181,CC-100
TXN007379,2026-04-08,SUP049,Northstar Audit,professional-services,1098.65,PO-58623,CC-300
TXN007380,2026-04-08,SUP050,Clearpath Compliance,professional-services,361.61,PO-28047,CC-300
TXN007381,2026-04-08,SUP052,Agile Platforms,it-services,1084.27,PO-24869,CC-100
TXN007382,2026-04-08,SUP053,Heritage Painting,facilities,660.93,PO-60723,CC-100
TXN007383,2026-04-09,SUP002,Heartland Polymers,raw-materials,18690.53,PO-47431,CC-400
TXN007384,2026-04-09,SUP007,Liberty Composites,raw-materials,5906.11,PO-99381,CC-300
TXN007385,2026-04-09,SUP008,Frontier Plastics,raw-materials,3819.05,PO-82089,CC-300
TXN007386,2026-04-09,SUP011,Continental Freight,logistics,15847.6,PO-93584,CC-200
TXN007387,2026-04-09,SUP012,Patriot Logistics,logistics,9227.42,PO-25907,CC-200
TXN007388,2026-04-09,SUP013,Eagle Transport,logistics,4647.37,PO-74752,CC-100
TXN007389,2026-04-09,SUP015,Summit Shipping,logistics,4248.43,PO-82305,CC-200
TXN007390,2026-04-09,SUP016,Gateway Freight,logistics,1760.78,PO-50539,CC-400
TXN007391,2026-04-09,SUP021,TechForward Solutions,it-services,11004.62,PO-78903,CC-400
TXN007392,2026-04-09,SUP021,TechForward Solutions,it-services,11506.19,PO-85353,CC-100
TXN007393,2026-04-09,SUP025,DataVault Analytics,it-services,3533.77,PO-26821,CC-200
TXN007394,2026-04-09,SUP026,CyberShield Security,it-services,1555.02,PO-75911,CC-100
TXN007395,2026-04-09,SUP031,National Facilities Group,facilities,7073.35,PO-49862,CC-200
TXN007396,2026-04-09,SUP033,Greenfield Maintenance,facilities,3042.07,PO-78012,CC-300
TXN007397,2026-04-09,SUP033,Greenfield Maintenance,facilities,6135.89,PO-42847,CC-200
TXN007398,2026-04-09,SUP034,Atlas HVAC,facilities,3664.94,PO-26406,CC-300
TXN007399,2026-04-09,SUP035,Cornerstone Electric,facilities,1532.36,PO-94015,CC-200
TXN007400,2026-04-09,SUP036,SafeGuard Fire Systems,facilities,2406.54,PO-32439,CC-300
TXN007401,2026-04-09,SUP041,Whitfield Consulting,professional-services,8780.9,PO-13718,CC-100
TXN007402,2026-04-09,SUP043,Meridian Legal,professional-services,5478.59,PO-95344,CC-200
TXN007403,2026-04-09,SUP044,Crestline Accounting,professional-services,3424.32,PO-93753,CC-100
TXN007404,2026-04-09,SUP045,Vanguard Staffing,professional-services,3423.42,PO-47967,CC-300
TXN007405,2026-04-09,SUP046,Catalyst Training,professional-services,2965.11,PO-99783,CC-400
TXN007406,2026-04-09,SUP050,Clearpath Compliance,professional-services,680.81,PO-36741,CC-300
TXN007407,2026-04-09,SUP051,Redstone Cloud,it-services,893.94,PO-51853,CC-300
TXN007408,2026-04-09,SUP052,Agile Platforms,it-services,881.09,PO-58567,CC-100
TXN007409,2026-04-09,SUP052,Agile Platforms,it-services,1203.09,PO-71141,CC-100
TXN007410,2026-04-10,SUP004,Apex Electronics,raw-materials,5409.87,PO-30932,CC-300
TXN007411,2026-04-10,SUP005,Cascade Fasteners,raw-materials,7088.88,PO-34881,CC-200
TXN007412,2026-04-10,SUP005,Cascade Fasteners,raw-materials,5660.11,PO-77466,CC-400
TXN007413,2026-04-10,SUP006,Summit Metals,raw-materials,3950.04,PO-13037,CC-100
TXN007414,2026-04-10,SUP007,Liberty Composites,raw-materials,3804.09,PO-41552,CC-200
TXN007415,2026-04-10,SUP007,Liberty Composites,raw-materials,4137.03,PO-16377,CC-100
TXN007416,2026-04-10,SUP011,Continental Freight,logistics,15738.46,PO-98148,CC-400
TXN007417,2026-04-10,SUP022,CloudBridge Systems,it-services,3827.5,PO-16705,CC-200
TXN007418,2026-04-10,SUP026,CyberShield Security,it-services,2829.02,PO-91689,CC-100
TXN007419,2026-04-10,SUP034,Atlas HVAC,facilities,3692.33,PO-57920,CC-200
TXN007420,2026-04-10,SUP034,Atlas HVAC,facilities,2286.72,PO-76731,CC-400
TXN007421,2026-04-10,SUP035,Cornerstone Electric,facilities,1378.1,PO-27961,CC-300
TXN007422,2026-04-10,SUP036,SafeGuard Fire Systems,facilities,2253.68,PO-29521,CC-200
TXN007423,2026-04-10,SUP042,Sterling Advisory,professional-services,4092.14,PO-90805,CC-300
TXN007424,2026-04-10,SUP043,Meridian Legal,professional-services,5082.78,PO-76809,CC-400
TXN007425,2026-04-10,SUP044,Crestline Accounting,professional-services,2925.13,PO-12180,CC-300
TXN007426,2026-04-10,SUP047,Blueprint Marketing,professional-services,1282.16,PO-92478,CC-100
TXN007427,2026-04-10,SUP048,Ironside Recruiting,professional-services,879.92,PO-95929,CC-200
TXN007428,2026-04-10,SUP049,Northstar Audit,professional-services,999.97,PO-32349,CC-400
TXN007429,2026-04-10,SUP051,Redstone Cloud,it-services,533.63,PO-24404,CC-200
TXN007430,2026-04-11,SUP001,Great Lakes Steel,raw-materials,11892.22,PO-90147,CC-400
TXN007431,2026-04-11,SUP002,Heartland Polymers,raw-materials,15164.48,PO-18163,CC-200
TXN007432,2026-04-11,SUP003,Pacific Aluminum,raw-materials,10439.38,PO-96799,CC-400
TXN007433,2026-04-11,SUP004,Apex Electronics,raw-materials,5969.61,PO-32699,CC-400
TXN007434,2026-04-11,SUP005,Cascade Fasteners,raw-materials,4660.4,PO-56437,CC-300
TXN007435,2026-04-11,SUP005,Cascade Fasteners,raw-materials,6376.93,PO-35200,CC-200
TXN007436,2026-04-11,SUP008,Frontier Plastics,raw-materials,4770.96,PO-47880,CC-200
TXN007437,2026-04-11,SUP008,Frontier Plastics,raw-materials,3751.69,PO-74094,CC-300
TXN007438,2026-04-11,SUP011,Continental Freight,logistics,12118.03,PO-45842,CC-300
TXN007439,2026-04-11,SUP013,Eagle Transport,logistics,5716.62,PO-61712,CC-300
TXN007440,2026-04-11,SUP014,Horizon Carriers,logistics,7200.55,PO-48070,CC-100
TXN007441,2026-04-11,SUP014,Horizon Carriers,logistics,4070.31,PO-20358,CC-300
TXN007442,2026-04-11,SUP015,Summit Shipping,logistics,5188.68,PO-72793,CC-200
TXN007443,2026-04-11,SUP015,Summit Shipping,logistics,2925.38,PO-80592,CC-300
TXN007444,2026-04-11,SUP016,Gateway Freight,logistics,4041.85,PO-27992,CC-100
TXN007445,2026-04-11,SUP016,Gateway Freight,logistics,3740.82,PO-86917,CC-200
TXN007446,2026-04-11,SUP022,CloudBridge Systems,it-services,8153.11,PO-93616,CC-200
TXN007447,2026-04-11,SUP024,Pinnacle Software,it-services,5887.26,PO-23178,CC-200
TXN007448,2026-04-11,SUP026,CyberShield Security,it-services,3977.14,PO-63334,CC-400
TXN007449,2026-04-11,SUP031,National Facilities Group,facilities,4576.56,PO-47649,CC-300
TXN007450,2026-04-11,SUP034,Atlas HVAC,facilities,4062.43,PO-40437,CC-100
TXN007451,2026-04-11,SUP035,Cornerstone Electric,facilities,1794.04,PO-33040,CC-100
TXN007452,2026-04-11,SUP035,Cornerstone Electric,facilities,4429.29,PO-62034,CC-400
TXN007453,2026-04-11,SUP041,Whitfield Consulting,professional-services,11639.29,PO-47941,CC-100
TXN007454,2026-04-11,SUP043,Meridian Legal,professional-services,2803.25,PO-53914,CC-300
TXN007455,2026-04-11,SUP044,Crestline Accounting,professional-services,4384.79,PO-78723,CC-400
TXN007456,2026-04-11,SUP045,Vanguard Staffing,professional-services,1755.44,PO-76088,CC-400
TXN007457,2026-04-11,SUP047,Blueprint Marketing,professional-services,1324.77,PO-70150,CC-300
TXN007458,2026-04-11,SUP048,Ironside Recruiting,professional-services,539.61,PO-54185,CC-300
TXN007459,2026-04-11,SUP049,Northstar Audit,professional-services,1179.44,PO-33002,CC-400
TXN007460,2026-04-11,SUP050,Clearpath Compliance,professional-services,705.12,PO-21368,CC-400
TXN007461,2026-04-11,SUP051,Redstone Cloud,it-services,730.08,PO-28430,CC-400
TXN007462,2026-04-12,SUP002,Heartland Polymers,raw-materials,18117.62,PO-49576,CC-100
TXN007463,2026-04-12,SUP006,Summit Metals,raw-materials,4843.89,PO-30934,CC-400
TXN007464,2026-04-12,SUP007,Liberty Composites,raw-materials,5589.17,PO-50760,CC-100
TXN007465,2026-04-12,SUP008,Frontier Plastics,raw-materials,4625.67,PO-58174,CC-200
TXN007466,2026-04-12,SUP014,Horizon Carriers,logistics,5996.39,PO-64505,CC-400
TXN007467,2026-04-12,SUP015,Summit Shipping,logistics,5916.8,PO-38627,CC-200
TXN007468,2026-04-12,SUP016,Gateway Freight,logistics,3666.54,PO-20730,CC-400
TXN007469,2026-04-12,SUP021,TechForward Solutions,it-services,7443.55,PO-83946,CC-100
TXN007470,2026-04-12,SUP023,Nexus IT Services,it-services,6023.43,PO-85065,CC-200
TXN007471,2026-04-12,SUP025,DataVault Analytics,it-services,3237.9,PO-99167,CC-200
TXN007472,2026-04-12,SUP026,CyberShield Security,it-services,2644.26,PO-76895,CC-400
TXN007473,2026-04-12,SUP031,National Facilities Group,facilities,6566.62,PO-77272,CC-400
TXN007474,2026-04-12,SUP032,Metro Building Services,facilities,2835.9,PO-70604,CC-300
TXN007475,2026-04-12,SUP033,Greenfield Maintenance,facilities,3892.13,PO-10395,CC-200
TXN007476,2026-04-12,SUP034,Atlas HVAC,facilities,1684.29,PO-55158,CC-100
TXN007477,2026-04-12,SUP035,Cornerstone Electric,facilities,1426.02,PO-19046,CC-400
TXN007478,2026-04-12,SUP041,Whitfield Consulting,professional-services,10682.54,PO-94085,CC-400
TXN007479,2026-04-12,SUP043,Meridian Legal,professional-services,4747.83,PO-59479,CC-400
TXN007480,2026-04-12,SUP045,Vanguard Staffing,professional-services,4260.48,PO-27431,CC-300
TXN007481,2026-04-12,SUP045,Vanguard Staffing,professional-services,1702.77,PO-80419,CC-400
TXN007482,2026-04-12,SUP046,Catalyst Training,professional-services,2773.56,PO-39188,CC-100
TXN007483,2026-04-12,SUP047,Blueprint Marketing,professional-services,2524.55,PO-70686,CC-400
TXN007484,2026-04-12,SUP048,Ironside Recruiting,professional-services,1634.9,PO-42441,CC-400
TXN007485,2026-04-12,SUP051,Redstone Cloud,it-services,1422.77,PO-24790,CC-100
TXN007486,2026-04-12,SUP051,Redstone Cloud,it-services,1531.06,PO-64950,CC-100
TXN007487,2026-04-12,SUP054,Precision Plumbing,facilities,1124.77,PO-98083,CC-100
TXN007488,2026-04-13,SUP003,Pacific Aluminum,raw-materials,10206.12,PO-17398,CC-200
TXN007489,2026-04-13,SUP004,Apex Electronics,raw-materials,5760.28,PO-85511,CC-300
TXN007490,2026-04-13,SUP005,Cascade Fasteners,raw-materials,7418.46,PO-52030,CC-200
TXN007491,2026-04-13,SUP008,Frontier Plastics,raw-materials,2114.0,PO-49387,CC-300
TXN007492,2026-04-13,SUP012,Patriot Logistics,logistics,13058.96,PO-32955,CC-400
TXN007493,2026-04-13,SUP012,Patriot Logistics,logistics,9713.85,PO-16145,CC-300
TXN007494,2026-04-13,SUP013,Eagle Transport,logistics,7897.99,PO-78742,CC-300
TXN007495,2026-04-13,SUP013,Eagle Transport,logistics,8084.72,PO-63511,CC-200
TXN007496,2026-04-13,SUP016,Gateway Freight,logistics,2339.51,PO-39536,CC-300
TXN007497,2026-04-13,SUP021,TechForward Solutions,it-services,5275.18,PO-70689,CC-100
TXN007498,2026-04-13,SUP022,CloudBridge Systems,it-services,12041.93,PO-83044,CC-200
TXN007499,2026-04-13,SUP031,National Facilities Group,facilities,5921.32,PO-80206,CC-200
TXN007500,2026-04-13,SUP034,Atlas HVAC,facilities,1661.79,PO-19539,CC-200
TXN007501,2026-04-13,SUP035,Cornerstone Electric,facilities,3116.36,PO-98008,CC-200
TXN007502,2026-04-13,SUP036,SafeGuard Fire Systems,facilities,3126.63,PO-53642,CC-300
TXN007503,2026-04-13,SUP041,Whitfield Consulting,professional-services,3703.64,PO-34906,CC-100
TXN007504,2026-04-13,SUP041,Whitfield Consulting,professional-services,10477.95,PO-72773,CC-200
TXN007505,2026-04-13,SUP042,Sterling Advisory,professional-services,8140.52,PO-61987,CC-200
TXN007506,2026-04-13,SUP043,Meridian Legal,professional-services,6611.15,PO-59894,CC-400
TXN007507,2026-04-13,SUP044,Crestline Accounting,professional-services,3179.3,PO-44283,CC-300
TXN007508,2026-04-13,SUP045,Vanguard Staffing,professional-services,2983.94,PO-22924,CC-400
TXN007509,2026-04-13,SUP046,Catalyst Training,professional-services,1757.29,PO-36624,CC-300
TXN007510,2026-04-13,SUP049,Northstar Audit,professional-services,1162.88,PO-12125,CC-300
TXN007511,2026-04-13,SUP050,Clearpath Compliance,professional-services,758.99,PO-64732,CC-300
TXN007512,2026-04-13,SUP054,Precision Plumbing,facilities,1196.31,PO-95800,CC-300
TXN007513,2026-04-14,SUP002,Heartland Polymers,raw-materials,18286.44,PO-94108,CC-400
TXN007514,2026-04-14,SUP003,Pacific Aluminum,raw-materials,12337.18,PO-56160,CC-200
TXN007515,2026-04-14,SUP005,Cascade Fasteners,raw-materials,3645.68,PO-81058,CC-100
TXN007516,2026-04-14,SUP006,Summit Metals,raw-materials,6973.32,PO-19742,CC-100
TXN007517,2026-04-14,SUP007,Liberty Composites,raw-materials,3406.39,PO-92667,CC-200
TXN007518,2026-04-14,SUP013,Eagle Transport,logistics,3328.85,PO-93588,CC-400
TXN007519,2026-04-14,SUP014,Horizon Carriers,logistics,2424.02,PO-79758,CC-400
TXN007520,2026-04-14,SUP016,Gateway Freight,logistics,2465.81,PO-47576,CC-100
TXN007521,2026-04-14,SUP021,TechForward Solutions,it-services,10795.09,PO-66436,CC-200
TXN007522,2026-04-14,SUP026,CyberShield Security,it-services,3632.36,PO-45038,CC-400
TXN007523,2026-04-14,SUP032,Metro Building Services,facilities,5408.37,PO-41877,CC-200
TXN007524,2026-04-14,SUP032,Metro Building Services,facilities,4388.88,PO-20566,CC-100
TXN007525,2026-04-14,SUP035,Cornerstone Electric,facilities,1412.75,PO-11238,CC-200
TXN007526,2026-04-14,SUP041,Whitfield Consulting,professional-services,9533.66,PO-53420,CC-100
TXN007527,2026-04-14,SUP042,Sterling Advisory,professional-services,9751.47,PO-40115,CC-200
TXN007528,2026-04-14,SUP043,Meridian Legal,professional-services,6136.87,PO-84289,CC-400
TXN007529,2026-04-14,SUP043,Meridian Legal,professional-services,3736.65,PO-19744,CC-300
TXN007530,2026-04-14,SUP044,Crestline Accounting,professional-services,4052.26,PO-14312,CC-200
TXN007531,2026-04-14,SUP045,Vanguard Staffing,professional-services,2365.45,PO-37152,CC-200
TXN007532,2026-04-14,SUP045,Vanguard Staffing,professional-services,3846.67,PO-62205,CC-100
TXN007533,2026-04-14,SUP047,Blueprint Marketing,professional-services,1761.88,PO-61007,CC-300
TXN007534,2026-04-14,SUP049,Northstar Audit,professional-services,1213.75,PO-20279,CC-300
TXN007535,2026-04-14,SUP051,Redstone Cloud,it-services,1568.49,PO-54642,CC-400
TXN007536,2026-04-14,SUP052,Agile Platforms,it-services,1215.5,PO-93115,CC-300
TXN007537,2026-04-14,SUP052,Agile Platforms,it-services,1997.08,PO-69054,CC-400
TXN007538,2026-04-14,SUP054,Precision Plumbing,facilities,1028.66,PO-34345,CC-400
TXN007539,2026-04-15,SUP002,Heartland Polymers,raw-materials,16006.55,PO-19634,CC-100
TXN007540,2026-04-15,SUP005,Cascade Fasteners,raw-materials,3454.82,PO-61068,CC-300
TXN007541,2026-04-15,SUP008,Frontier Plastics,raw-materials,2894.78,PO-45358,CC-100
TXN007542,2026-04-15,SUP008,Frontier Plastics,raw-materials,1804.97,PO-34561,CC-400
TXN007543,2026-04-15,SUP011,Continental Freight,logistics,12044.34,PO-63483,CC-100
TXN007544,2026-04-15,SUP015,Summit Shipping,logistics,3535.52,PO-60493,CC-100
TXN007545,2026-04-15,SUP023,Nexus IT Services,it-services,8728.39,PO-41816,CC-200
TXN007546,2026-04-15,SUP023,Nexus IT Services,it-services,7240.36,PO-32216,CC-200
TXN007547,2026-04-15,SUP034,Atlas HVAC,facilities,2921.67,PO-42321,CC-400
TXN007548,2026-04-15,SUP035,Cornerstone Electric,facilities,1859.7,PO-24021,CC-200
TXN007549,2026-04-15,SUP041,Whitfield Consulting,professional-services,6638.07,PO-91289,CC-400
TXN007550,2026-04-15,SUP041,Whitfield Consulting,professional-services,11007.61,PO-53193,CC-400
TXN007551,2026-04-15,SUP043,Meridian Legal,professional-services,7089.8,PO-87908,CC-200
TXN007552,2026-04-15,SUP045,Vanguard Staffing,professional-services,3653.93,PO-72784,CC-300
TXN007553,2026-04-15,SUP049,Northstar Audit,professional-services,1050.97,PO-85481,CC-200
TXN007554,2026-04-15,SUP052,Agile Platforms,it-services,1281.56,PO-83905,CC-200
TXN007555,2026-04-15,SUP053,Heritage Painting,facilities,695.77,PO-99353,CC-100
TXN007556,2026-04-15,SUP054,Precision Plumbing,facilities,1145.32,PO-37479,CC-400
TXN007557,2026-04-15,SUP054,Precision Plumbing,facilities,1600.16,PO-19064,CC-400
TXN007558,2026-04-16,SUP001,Great Lakes Steel,raw-materials,7835.39,PO-49692,CC-200
TXN007559,2026-04-16,SUP004,Apex Electronics,raw-materials,6510.17,PO-68860,CC-400
TXN007560,2026-04-16,SUP005,Cascade Fasteners,raw-materials,5891.56,PO-64827,CC-100
TXN007561,2026-04-16,SUP006,Summit Metals,raw-materials,4240.61,PO-80373,CC-100
TXN007562,2026-04-16,SUP011,Continental Freight,logistics,7064.29,PO-90304,CC-100
TXN007563,2026-04-16,SUP012,Patriot Logistics,logistics,10634.98,PO-94769,CC-400
TXN007564,2026-04-16,SUP013,Eagle Transport,logistics,5356.87,PO-66420,CC-100
TXN007565,2026-04-16,SUP013,Eagle Transport,logistics,2955.6,PO-43913,CC-200
TXN007566,2026-04-16,SUP014,Horizon Carriers,logistics,5469.98,PO-86089,CC-200
TXN007567,2026-04-16,SUP015,Summit Shipping,logistics,3868.12,PO-99070,CC-200
TXN007568,2026-04-16,SUP023,Nexus IT Services,it-services,9110.87,PO-25213,CC-200
TXN007569,2026-04-16,SUP026,CyberShield Security,it-services,2742.01,PO-55652,CC-400
TXN007570,2026-04-16,SUP032,Metro Building Services,facilities,5366.37,PO-18804,CC-300
TXN007571,2026-04-16,SUP034,Atlas HVAC,facilities,1595.33,PO-54967,CC-100
TXN007572,2026-04-16,SUP035,Cornerstone Electric,facilities,1759.71,PO-41970,CC-200
TXN007573,2026-04-16,SUP036,SafeGuard Fire Systems,facilities,1784.11,PO-65885,CC-400
TXN007574,2026-04-16,SUP042,Sterling Advisory,professional-services,4256.31,PO-93948,CC-400
TXN007575,2026-04-16,SUP044,Crestline Accounting,professional-services,5418.17,PO-68926,CC-400
TXN007576,2026-04-16,SUP046,Catalyst Training,professional-services,1471.96,PO-18200,CC-100
TXN007577,2026-04-16,SUP047,Blueprint Marketing,professional-services,1706.68,PO-57945,CC-300
TXN007578,2026-04-16,SUP050,Clearpath Compliance,professional-services,684.91,PO-93769,CC-300
TXN007579,2026-04-16,SUP051,Redstone Cloud,it-services,1276.97,PO-86939,CC-100
TXN007580,2026-04-16,SUP053,Heritage Painting,facilities,749.42,PO-98288,CC-300
TXN007581,2026-04-16,SUP054,Precision Plumbing,facilities,1319.3,PO-98094,CC-200
TXN007582,2026-04-16,SUP054,Precision Plumbing,facilities,944.42,PO-41270,CC-300
TXN007583,2026-04-17,SUP005,Cascade Fasteners,raw-materials,6150.81,PO-65448,CC-200
TXN007584,2026-04-17,SUP006,Summit Metals,raw-materials,5254.11,PO-94575,CC-200
TXN007585,2026-04-17,SUP007,Liberty Composites,raw-materials,3736.55,PO-28388,CC-200
TXN007586,2026-04-17,SUP011,Continental Freight,logistics,5618.91,PO-57059,CC-100
TXN007587,2026-04-17,SUP012,Patriot Logistics,logistics,5988.04,PO-60324,CC-400
TXN007588,2026-04-17,SUP013,Eagle Transport,logistics,6554.55,PO-68176,CC-400
TXN007589,2026-04-17,SUP015,Summit Shipping,logistics,5886.31,PO-38905,CC-300
TXN007590,2026-04-17,SUP023,Nexus IT Services,it-services,6430.57,PO-74921,CC-100
TXN007591,2026-04-17,SUP024,Pinnacle Software,it-services,3485.98,PO-81186,CC-300
TXN007592,2026-04-17,SUP025,DataVault Analytics,it-services,4471.79,PO-67850,CC-200
TXN007593,2026-04-17,SUP026,CyberShield Security,it-services,1474.44,PO-95678,CC-200
TXN007594,2026-04-17,SUP026,CyberShield Security,it-services,2065.67,PO-14224,CC-400
TXN007595,2026-04-17,SUP032,Metro Building Services,facilities,3023.4,PO-25386,CC-200
TXN007596,2026-04-17,SUP034,Atlas HVAC,facilities,4206.74,PO-89988,CC-400
TXN007597,2026-04-17,SUP046,Catalyst Training,professional-services,1765.82,PO-48356,CC-300
TXN007598,2026-04-17,SUP047,Blueprint Marketing,professional-services,2476.22,PO-77425,CC-100
TXN007599,2026-04-17,SUP049,Northstar Audit,professional-services,822.39,PO-17770,CC-300
TXN007600,2026-04-17,SUP050,Clearpath Compliance,professional-services,400.79,PO-27392,CC-200
TXN007601,2026-04-17,SUP054,Precision Plumbing,facilities,1052.04,PO-28634,CC-300
TXN007602,2026-04-18,SUP001,Great Lakes Steel,raw-materials,11365.59,PO-19898,CC-100
TXN007603,2026-04-18,SUP002,Heartland Polymers,raw-materials,15353.49,PO-58374,CC-400
TXN007604,2026-04-18,SUP003,Pacific Aluminum,raw-materials,7860.21,PO-10324,CC-100
TXN007605,2026-04-18,SUP003,Pacific Aluminum,raw-materials,12316.86,PO-70089,CC-300
TXN007606,2026-04-18,SUP004,Apex Electronics,raw-materials,10089.08,PO-62129,CC-200
TXN007607,2026-04-18,SUP005,Cascade Fasteners,raw-materials,7753.82,PO-74843,CC-300
TXN007608,2026-04-18,SUP005,Cascade Fasteners,raw-materials,4535.63,PO-47171,CC-300
TXN007609,2026-04-18,SUP006,Summit Metals,raw-materials,2935.99,PO-73614,CC-300
TXN007610,2026-04-18,SUP007,Liberty Composites,raw-materials,4901.69,PO-16021,CC-100
TXN007611,2026-04-18,SUP008,Frontier Plastics,raw-materials,4262.9,PO-12134,CC-100
TXN007612,2026-04-18,SUP011,Continental Freight,logistics,6957.16,PO-69836,CC-100
TXN007613,2026-04-18,SUP011,Continental Freight,logistics,17648.78,PO-66072,CC-200
TXN007614,2026-04-18,SUP012,Patriot Logistics,logistics,13365.66,PO-95196,CC-300
TXN007615,2026-04-18,SUP012,Patriot Logistics,logistics,5614.64,PO-45916,CC-100
TXN007616,2026-04-18,SUP013,Eagle Transport,logistics,4749.49,PO-58738,CC-200
TXN007617,2026-04-18,SUP015,Summit Shipping,logistics,5537.8,PO-40689,CC-400
TXN007618,2026-04-18,SUP016,Gateway Freight,logistics,4069.99,PO-10142,CC-200
TXN007619,2026-04-18,SUP021,TechForward Solutions,it-services,5158.98,PO-39647,CC-400
TXN007620,2026-04-18,SUP023,Nexus IT Services,it-services,8132.22,PO-65353,CC-200
TXN007621,2026-04-18,SUP024,Pinnacle Software,it-services,3277.94,PO-21708,CC-100
TXN007622,2026-04-18,SUP033,Greenfield Maintenance,facilities,6278.32,PO-94092,CC-200
TXN007623,2026-04-18,SUP035,Cornerstone Electric,facilities,3189.24,PO-31511,CC-400
TXN007624,2026-04-18,SUP042,Sterling Advisory,professional-services,9757.02,PO-90750,CC-400
TXN007625,2026-04-18,SUP043,Meridian Legal,professional-services,2685.78,PO-23168,CC-200
TXN007626,2026-04-18,SUP044,Crestline Accounting,professional-services,4163.66,PO-60335,CC-300
TXN007627,2026-04-18,SUP045,Vanguard Staffing,professional-services,2365.51,PO-28327,CC-200
TXN007628,2026-04-18,SUP045,Vanguard Staffing,professional-services,2238.51,PO-21042,CC-200
TXN007629,2026-04-18,SUP046,Catalyst Training,professional-services,2454.81,PO-89638,CC-300
TXN007630,2026-04-18,SUP047,Blueprint Marketing,professional-services,1991.13,PO-96298,CC-300
TXN007631,2026-04-18,SUP049,Northstar Audit,professional-services,592.11,PO-61347,CC-300
TXN007632,2026-04-18,SUP050,Clearpath Compliance,professional-services,915.53,PO-41370,CC-400
TXN007633,2026-04-18,SUP053,Heritage Painting,facilities,340.78,PO-11581,CC-300
TXN007634,2026-04-18,SUP054,Precision Plumbing,facilities,699.18,PO-84498,CC-400
TXN007635,2026-04-18,SUP054,Precision Plumbing,facilities,1015.11,PO-99514,CC-200
TXN007636,2026-04-19,SUP001,Great Lakes Steel,raw-materials,20031.0,PO-19567,CC-100
TXN007637,2026-04-19,SUP002,Heartland Polymers,raw-materials,5392.16,PO-38277,CC-100
TXN007638,2026-04-19,SUP003,Pacific Aluminum,raw-materials,14721.04,PO-62163,CC-300
TXN007639,2026-04-19,SUP003,Pacific Aluminum,raw-materials,11186.68,PO-75673,CC-400
TXN007640,2026-04-19,SUP004,Apex Electronics,raw-materials,6726.32,PO-93956,CC-200
TXN007641,2026-04-19,SUP007,Liberty Composites,raw-materials,2512.3,PO-30365,CC-300
TXN007642,2026-04-19,SUP011,Continental Freight,logistics,15631.74,PO-99267,CC-100
TXN007643,2026-04-19,SUP013,Eagle Transport,logistics,10007.83,PO-41278,CC-100
TXN007644,2026-04-19,SUP015,Summit Shipping,logistics,2496.15,PO-90254,CC-100
TXN007645,2026-04-19,SUP015,Summit Shipping,logistics,3460.02,PO-96252,CC-200
TXN007646,2026-04-19,SUP021,TechForward Solutions,it-services,10831.39,PO-31473,CC-400
TXN007647,2026-04-19,SUP022,CloudBridge Systems,it-services,8081.55,PO-43980,CC-200
TXN007648,2026-04-19,SUP022,CloudBridge Systems,it-services,6735.82,PO-45227,CC-100
TXN007649,2026-04-19,SUP023,Nexus IT Services,it-services,2801.4,PO-66272,CC-300
TXN007650,2026-04-19,SUP024,Pinnacle Software,it-services,3459.59,PO-85582,CC-100
TXN007651,2026-04-19,SUP025,DataVault Analytics,it-services,3507.99,PO-17266,CC-400
TXN007652,2026-04-19,SUP026,CyberShield Security,it-services,1669.6,PO-30618,CC-300
TXN007653,2026-04-19,SUP031,National Facilities Group,facilities,10020.84,PO-98358,CC-100
TXN007654,2026-04-19,SUP033,Greenfield Maintenance,facilities,2137.39,PO-11610,CC-200
TXN007655,2026-04-19,SUP036,SafeGuard Fire Systems,facilities,1405.08,PO-14635,CC-400
TXN007656,2026-04-19,SUP036,SafeGuard Fire Systems,facilities,1518.65,PO-42540,CC-400
TXN007657,2026-04-19,SUP041,Whitfield Consulting,professional-services,6524.33,PO-20208,CC-300
TXN007658,2026-04-19,SUP041,Whitfield Consulting,professional-services,4667.33,PO-98254,CC-100
TXN007659,2026-04-19,SUP043,Meridian Legal,professional-services,7784.5,PO-62550,CC-100
TXN007660,2026-04-19,SUP044,Crestline Accounting,professional-services,5345.23,PO-50723,CC-300
TXN007661,2026-04-19,SUP046,Catalyst Training,professional-services,1878.68,PO-48219,CC-300
TXN007662,2026-04-19,SUP047,Blueprint Marketing,professional-services,1161.61,PO-58270,CC-400
TXN007663,2026-04-19,SUP048,Ironside Recruiting,professional-services,1570.65,PO-81638,CC-200
TXN007664,2026-04-19,SUP048,Ironside Recruiting,professional-services,724.33,PO-63744,CC-100
TXN007665,2026-04-19,SUP051,Redstone Cloud,it-services,1617.89,PO-53911,CC-100
TXN007666,2026-04-19,SUP052,Agile Platforms,it-services,1300.81,PO-50306,CC-100
TXN007667,2026-04-19,SUP054,Precision Plumbing,facilities,1088.74,PO-17850,CC-200
TXN007668,2026-04-19,SUP054,Precision Plumbing,facilities,1483.72,PO-22193,CC-100
TXN007669,2026-04-20,SUP001,Great Lakes Steel,raw-materials,19175.86,PO-78125,CC-400
TXN007670,2026-04-20,SUP001,Great Lakes Steel,raw-materials,16237.33,PO-58823,CC-400
TXN007671,2026-04-20,SUP002,Heartland Polymers,raw-materials,6354.57,PO-22527,CC-200
TXN007672,2026-04-20,SUP002,Heartland Polymers,raw-materials,13829.71,PO-61688,CC-100
TXN007673,2026-04-20,SUP003,Pacific Aluminum,raw-materials,4934.25,PO-96827,CC-200
TXN007674,2026-04-20,SUP007,Liberty Composites,raw-materials,4638.72,PO-52762,CC-300
TXN007675,2026-04-20,SUP008,Frontier Plastics,raw-materials,2157.86,PO-36569,CC-200
TXN007676,2026-04-20,SUP011,Continental Freight,logistics,12428.59,PO-30369,CC-100
TXN007677,2026-04-20,SUP013,Eagle Transport,logistics,5917.2,PO-80244,CC-300
TXN007678,2026-04-20,SUP014,Horizon Carriers,logistics,3585.96,PO-50410,CC-400
TXN007679,2026-04-20,SUP014,Horizon Carriers,logistics,3933.34,PO-25717,CC-100
TXN007680,2026-04-20,SUP016,Gateway Freight,logistics,4528.82,PO-89076,CC-100
TXN007681,2026-04-20,SUP022,CloudBridge Systems,it-services,4745.35,PO-42534,CC-300
TXN007682,2026-04-20,SUP026,CyberShield Security,it-services,1690.75,PO-63004,CC-400
TXN007683,2026-04-20,SUP031,National Facilities Group,facilities,7324.23,PO-22415,CC-400
TXN007684,2026-04-20,SUP033,Greenfield Maintenance,facilities,2523.41,PO-18083,CC-200
TXN007685,2026-04-20,SUP035,Cornerstone Electric,facilities,2426.08,PO-92614,CC-100
TXN007686,2026-04-20,SUP036,SafeGuard Fire Systems,facilities,1604.18,PO-19828,CC-100
TXN007687,2026-04-20,SUP041,Whitfield Consulting,professional-services,5392.87,PO-94670,CC-400
TXN007688,2026-04-20,SUP041,Whitfield Consulting,professional-services,11055.97,PO-22055,CC-300
TXN007689,2026-04-20,SUP043,Meridian Legal,professional-services,2480.35,PO-85220,CC-400
TXN007690,2026-04-20,SUP043,Meridian Legal,professional-services,6874.26,PO-61773,CC-400
TXN007691,2026-04-20,SUP045,Vanguard Staffing,professional-services,1886.07,PO-38143,CC-200
TXN007692,2026-04-20,SUP047,Blueprint Marketing,professional-services,987.6,PO-90492,CC-200
TXN007693,2026-04-20,SUP048,Ironside Recruiting,professional-services,1195.76,PO-82179,CC-400
TXN007694,2026-04-20,SUP053,Heritage Painting,facilities,680.95,PO-92674,CC-100
TXN007695,2026-04-20,SUP054,Precision Plumbing,facilities,1578.81,PO-57069,CC-400
TXN007696,2026-04-20,SUP054,Precision Plumbing,facilities,1257.51,PO-73527,CC-300
TXN007697,2026-04-21,SUP001,Great Lakes Steel,raw-materials,13268.68,PO-60905,CC-300
TXN007698,2026-04-21,SUP001,Great Lakes Steel,raw-materials,8443.27,PO-51795,CC-200
TXN007699,2026-04-21,SUP003,Pacific Aluminum,raw-materials,7348.38,PO-71824,CC-300
TXN007700,2026-04-21,SUP004,Apex Electronics,raw-materials,45514.12,PO-23124,CC-200
TXN007701,2026-04-21,SUP005,Cascade Fasteners,raw-materials,4174.45,PO-17328,CC-200
TXN007702,2026-04-21,SUP006,Summit Metals,raw-materials,7791.62,PO-60911,CC-300
TXN007703,2026-04-21,SUP007,Liberty Composites,raw-materials,5881.66,PO-32768,CC-200
TXN007704,2026-04-21,SUP007,Liberty Composites,raw-materials,2654.85,PO-51681,CC-300
TXN007705,2026-04-21,SUP008,Frontier Plastics,raw-materials,1440.92,PO-56095,CC-200
TXN007706,2026-04-21,SUP008,Frontier Plastics,raw-materials,3307.95,PO-34672,CC-400
TXN007707,2026-04-21,SUP011,Continental Freight,logistics,7182.48,PO-14975,CC-100
TXN007708,2026-04-21,SUP013,Eagle Transport,logistics,31263.92,PO-53481,CC-200
TXN007709,2026-04-21,SUP014,Horizon Carriers,logistics,4391.99,PO-33260,CC-300
TXN007710,2026-04-21,SUP021,TechForward Solutions,it-services,5248.26,PO-24538,CC-300
TXN007711,2026-04-21,SUP022,CloudBridge Systems,it-services,6751.15,PO-96787,CC-400
TXN007712,2026-04-21,SUP022,CloudBridge Systems,it-services,8642.61,PO-54113,CC-300
TXN007713,2026-04-21,SUP024,Pinnacle Software,it-services,5967.36,PO-67261,CC-400
TXN007714,2026-04-21,SUP024,Pinnacle Software,it-services,5523.02,PO-32833,CC-300
TXN007715,2026-04-21,SUP026,CyberShield Security,it-services,1695.24,PO-50215,CC-300
TXN007716,2026-04-21,SUP032,Metro Building Services,facilities,8548.39,PO-85082,CC-400
TXN007717,2026-04-21,SUP033,Greenfield Maintenance,facilities,5761.4,PO-84381,CC-100
TXN007718,2026-04-21,SUP036,SafeGuard Fire Systems,facilities,2483.17,PO-93839,CC-100
TXN007719,2026-04-21,SUP041,Whitfield Consulting,professional-services,4864.04,PO-20198,CC-200
TXN007720,2026-04-21,SUP041,Whitfield Consulting,professional-services,6773.2,PO-51879,CC-200
TXN007721,2026-04-21,SUP042,Sterling Advisory,professional-services,10080.02,PO-97821,CC-300
TXN007722,2026-04-21,SUP043,Meridian Legal,professional-services,3703.13,PO-42707,CC-100
TXN007723,2026-04-21,SUP045,Vanguard Staffing,professional-services,3738.93,PO-16310,CC-400
TXN007724,2026-04-21,SUP046,Catalyst Training,professional-services,2005.16,PO-31802,CC-400
TXN007725,2026-04-21,SUP047,Blueprint Marketing,professional-services,8032.32,PO-23294,CC-400
TXN007726,2026-04-21,SUP048,Ironside Recruiting,professional-services,1302.9,PO-39567,CC-200
TXN007727,2026-04-21,SUP049,Northstar Audit,professional-services,1222.73,PO-14379,CC-300
TXN007728,2026-04-21,SUP054,Precision Plumbing,facilities,738.32,PO-19830,CC-100
TXN007729,2026-04-22,SUP002,Heartland Polymers,raw-materials,17294.62,PO-14062,CC-400
TXN007730,2026-04-22,SUP002,Heartland Polymers,raw-materials,17960.73,PO-31626,CC-400
TXN007731,2026-04-22,SUP007,Liberty Composites,raw-materials,4729.81,PO-80795,CC-300
TXN007732,2026-04-22,SUP008,Frontier Plastics,raw-materials,2380.52,PO-22571,CC-100
TXN007733,2026-04-22,SUP012,Patriot Logistics,logistics,9043.49,PO-17144,CC-300
TXN007734,2026-04-22,SUP015,Summit Shipping,logistics,5034.7,PO-72957,CC-200
TXN007735,2026-04-22,SUP022,CloudBridge Systems,it-services,12124.49,PO-72071,CC-100
TXN007736,2026-04-22,SUP025,DataVault Analytics,it-services,4096.68,PO-21945,CC-400
TXN007737,2026-04-22,SUP031,National Facilities Group,facilities,5908.19,PO-68428,CC-100
TXN007738,2026-04-22,SUP033,Greenfield Maintenance,facilities,3045.92,PO-45200,CC-100
TXN007739,2026-04-22,SUP035,Cornerstone Electric,facilities,1542.85,PO-97574,CC-300
TXN007740,2026-04-22,SUP036,SafeGuard Fire Systems,facilities,1991.04,PO-87296,CC-200
TXN007741,2026-04-22,SUP041,Whitfield Consulting,professional-services,11347.66,PO-78495,CC-400
TXN007742,2026-04-22,SUP042,Sterling Advisory,professional-services,8015.6,PO-72236,CC-200
TXN007743,2026-04-22,SUP042,Sterling Advisory,professional-services,6438.89,PO-20348,CC-400
TXN007744,2026-04-22,SUP043,Meridian Legal,professional-services,6262.34,PO-75811,CC-200
TXN007745,2026-04-22,SUP043,Meridian Legal,professional-services,2877.22,PO-68856,CC-200
TXN007746,2026-04-22,SUP044,Crestline Accounting,professional-services,2358.29,PO-37772,CC-200
TXN007747,2026-04-22,SUP044,Crestline Accounting,professional-services,2183.15,PO-65492,CC-100
TXN007748,2026-04-22,SUP045,Vanguard Staffing,professional-services,2774.55,PO-92211,CC-200
TXN007749,2026-04-22,SUP045,Vanguard Staffing,professional-services,4123.63,PO-43801,CC-300
TXN007750,2026-04-22,SUP046,Catalyst Training,professional-services,3238.08,PO-18783,CC-100
TXN007751,2026-04-22,SUP046,Catalyst Training,professional-services,1926.49,PO-62082,CC-300
TXN007752,2026-04-22,SUP047,Blueprint Marketing,professional-services,1674.82,PO-11620,CC-400
TXN007753,2026-04-22,SUP050,Clearpath Compliance,professional-services,757.93,PO-23133,CC-100
TXN007754,2026-04-22,SUP051,Redstone Cloud,it-services,622.64,PO-47498,CC-300
TXN007755,2026-04-22,SUP052,Agile Platforms,it-services,1109.1,PO-95824,CC-400
TXN007756,2026-04-22,SUP053,Heritage Painting,facilities,641.48,PO-32570,CC-300
TXN007757,2026-04-22,SUP054,Precision Plumbing,facilities,1357.3,PO-99235,CC-400
TXN007758,2026-04-23,SUP002,Heartland Polymers,raw-materials,9692.0,PO-41139,CC-100
TXN007759,2026-04-23,SUP003,Pacific Aluminum,raw-materials,14413.6,PO-58816,CC-100
TXN007760,2026-04-23,SUP005,Cascade Fasteners,raw-materials,4459.24,PO-74437,CC-100
TXN007761,2026-04-23,SUP006,Summit Metals,raw-materials,3490.83,PO-49384,CC-400
TXN007762,2026-04-23,SUP006,Summit Metals,raw-materials,6602.7,PO-52056,CC-300
TXN007763,2026-04-23,SUP007,Liberty Composites,raw-materials,4229.5,PO-21703,CC-200
TXN007764,2026-04-23,SUP008,Frontier Plastics,raw-materials,4530.72,PO-63368,CC-400
TXN007765,2026-04-23,SUP011,Continental Freight,logistics,16050.53,PO-17367,CC-200
TXN007766,2026-04-23,SUP013,Eagle Transport,logistics,5893.81,PO-78719,CC-100
TXN007767,2026-04-23,SUP015,Summit Shipping,logistics,2918.69,PO-17553,CC-200
TXN007768,2026-04-23,SUP025,DataVault Analytics,it-services,3061.99,PO-26236,CC-100
TXN007769,2026-04-23,SUP031,National Facilities Group,facilities,6509.19,PO-72204,CC-300
TXN007770,2026-04-23,SUP033,Greenfield Maintenance,facilities,3207.56,PO-21847,CC-300
TXN007771,2026-04-23,SUP036,SafeGuard Fire Systems,facilities,2903.14,PO-38091,CC-200
TXN007772,2026-04-23,SUP041,Whitfield Consulting,professional-services,9837.29,PO-45269,CC-400
TXN007773,2026-04-23,SUP042,Sterling Advisory,professional-services,9343.67,PO-99417,CC-100
TXN007774,2026-04-23,SUP043,Meridian Legal,professional-services,2945.79,PO-32701,CC-100
TXN007775,2026-04-23,SUP045,Vanguard Staffing,professional-services,4492.09,PO-94245,CC-300
TXN007776,2026-04-23,SUP046,Catalyst Training,professional-services,1897.51,PO-55706,CC-400
TXN007777,2026-04-23,SUP048,Ironside Recruiting,professional-services,1437.08,PO-91737,CC-400
TXN007778,2026-04-23,SUP049,Northstar Audit,professional-services,404.85,PO-96816,CC-300
TXN007779,2026-04-23,SUP050,Clearpath Compliance,professional-services,766.63,PO-47051,CC-300
TXN007780,2026-04-23,SUP051,Redstone Cloud,it-services,1110.83,PO-54077,CC-300
TXN007781,2026-04-23,SUP052,Agile Platforms,it-services,2130.33,PO-44229,CC-300
TXN007782,2026-04-23,SUP054,Precision Plumbing,facilities,845.78,PO-17441,CC-400
TXN007783,2026-04-24,SUP001,Great Lakes Steel,raw-materials,138082.19,PO-13336,CC-400
TXN007784,2026-04-24,SUP002,Heartland Polymers,raw-materials,8716.62,PO-64862,CC-400
TXN007785,2026-04-24,SUP002,Heartland Polymers,raw-materials,10460.49,PO-14629,CC-200
TXN007786,2026-04-24,SUP004,Apex Electronics,raw-materials,9154.28,PO-93665,CC-400
TXN007787,2026-04-24,SUP005,Cascade Fasteners,raw-materials,6773.07,PO-76494,CC-300
TXN007788,2026-04-24,SUP005,Cascade Fasteners,raw-materials,7885.7,PO-96194,CC-200
TXN007789,2026-04-24,SUP007,Liberty Composites,raw-materials,4810.5,PO-83273,CC-200
TXN007790,2026-04-24,SUP008,Frontier Plastics,raw-materials,4482.41,PO-95778,CC-100
TXN007791,2026-04-24,SUP008,Frontier Plastics,raw-materials,2118.22,PO-39272,CC-300
TXN007792,2026-04-24,SUP011,Continental Freight,logistics,16302.54,PO-58717,CC-300
TXN007793,2026-04-24,SUP012,Patriot Logistics,logistics,8762.68,PO-25437,CC-400
TXN007794,2026-04-24,SUP014,Horizon Carriers,logistics,5842.44,PO-91350,CC-100
TXN007795,2026-04-24,SUP015,Summit Shipping,logistics,2887.86,PO-25704,CC-400
TXN007796,2026-04-24,SUP016,Gateway Freight,logistics,2983.26,PO-29762,CC-200
TXN007797,2026-04-24,SUP021,TechForward Solutions,it-services,7252.93,PO-84632,CC-400
TXN007798,2026-04-24,SUP021,TechForward Solutions,it-services,5263.93,PO-33639,CC-100
TXN007799,2026-04-24,SUP022,CloudBridge Systems,it-services,9043.44,PO-33176,CC-300
TXN007800,2026-04-24,SUP023,Nexus IT Services,it-services,2634.64,PO-45851,CC-200
TXN007801,2026-04-24,SUP024,Pinnacle Software,it-services,2955.57,PO-30766,CC-400
TXN007802,2026-04-24,SUP025,DataVault Analytics,it-services,4561.77,PO-26961,CC-400
TXN007803,2026-04-24,SUP026,CyberShield Security,it-services,2385.62,PO-72573,CC-400
TXN007804,2026-04-24,SUP032,Metro Building Services,facilities,7149.98,PO-11845,CC-300
TXN007805,2026-04-24,SUP033,Greenfield Maintenance,facilities,4565.7,PO-12348,CC-100
TXN007806,2026-04-24,SUP034,Atlas HVAC,facilities,2481.69,PO-55134,CC-300
TXN007807,2026-04-24,SUP041,Whitfield Consulting,professional-services,5108.3,PO-15992,CC-300
TXN007808,2026-04-24,SUP042,Sterling Advisory,professional-services,6286.79,PO-78195,CC-300
TXN007809,2026-04-24,SUP042,Sterling Advisory,professional-services,6120.29,PO-27536,CC-300
TXN007810,2026-04-24,SUP043,Meridian Legal,professional-services,4985.13,PO-34697,CC-200
TXN007811,2026-04-24,SUP043,Meridian Legal,professional-services,7594.56,PO-62873,CC-100
TXN007812,2026-04-24,SUP045,Vanguard Staffing,professional-services,1745.31,PO-12872,CC-200
TXN007813,2026-04-24,SUP047,Blueprint Marketing,professional-services,2179.39,PO-59177,CC-300
TXN007814,2026-04-24,SUP048,Ironside Recruiting,professional-services,1363.91,PO-87846,CC-100
TXN007815,2026-04-24,SUP049,Northstar Audit,professional-services,1072.32,PO-12587,CC-100
TXN007816,2026-04-24,SUP050,Clearpath Compliance,professional-services,627.94,PO-59840,CC-100
TXN007817,2026-04-24,SUP051,Redstone Cloud,it-services,1101.42,PO-30070,CC-200
TXN007818,2026-04-24,SUP052,Agile Platforms,it-services,1735.11,PO-49467,CC-400
TXN007819,2026-04-24,SUP053,Heritage Painting,facilities,783.17,PO-45386,CC-200
TXN007820,2026-04-24,SUP054,Precision Plumbing,facilities,1736.77,PO-77054,CC-100
TXN007821,2026-04-25,SUP002,Heartland Polymers,raw-materials,11942.0,PO-89823,CC-200
TXN007822,2026-04-25,SUP003,Pacific Aluminum,raw-materials,13427.23,PO-36433,CC-300
TXN007823,2026-04-25,SUP004,Apex Electronics,raw-materials,5812.32,PO-15164,CC-400
TXN007824,2026-04-25,SUP005,Cascade Fasteners,raw-materials,6877.8,PO-73001,CC-300
TXN007825,2026-04-25,SUP005,Cascade Fasteners,raw-materials,3969.16,PO-11671,CC-100
TXN007826,2026-04-25,SUP006,Summit Metals,raw-materials,6951.46,PO-97690,CC-400
TXN007827,2026-04-25,SUP006,Summit Metals,raw-materials,3041.7,PO-21807,CC-100
TXN007828,2026-04-25,SUP007,Liberty Composites,raw-materials,2076.75,PO-43540,CC-200
TXN007829,2026-04-25,SUP008,Frontier Plastics,raw-materials,4753.61,PO-44619,CC-400
TXN007830,2026-04-25,SUP012,Patriot Logistics,logistics,13001.4,PO-48085,CC-300
TXN007831,2026-04-25,SUP013,Eagle Transport,logistics,5215.59,PO-25191,CC-100
TXN007832,2026-04-25,SUP014,Horizon Carriers,logistics,7719.3,PO-11267,CC-200
TXN007833,2026-04-25,SUP015,Summit Shipping,logistics,2768.03,PO-56861,CC-400
TXN007834,2026-04-25,SUP016,Gateway Freight,logistics,2441.76,PO-22183,CC-300
TXN007835,2026-04-25,SUP016,Gateway Freight,logistics,4486.1,PO-33969,CC-100
TXN007836,2026-04-25,SUP021,TechForward Solutions,it-services,13432.35,PO-45629,CC-400
TXN007837,2026-04-25,SUP022,CloudBridge Systems,it-services,7683.0,PO-65278,CC-200
TXN007838,2026-04-25,SUP024,Pinnacle Software,it-services,2368.11,PO-30892,CC-100
TXN007839,2026-04-25,SUP025,DataVault Analytics,it-services,3821.3,PO-84572,CC-400
TXN007840,2026-04-25,SUP034,Atlas HVAC,facilities,4792.07,PO-27125,CC-400
TXN007841,2026-04-25,SUP035,Cornerstone Electric,facilities,1594.9,PO-63907,CC-400
TXN007842,2026-04-25,SUP035,Cornerstone Electric,facilities,1380.24,PO-44290,CC-300
TXN007843,2026-04-25,SUP041,Whitfield Consulting,professional-services,8421.6,PO-85582,CC-200
TXN007844,2026-04-25,SUP042,Sterling Advisory,professional-services,7886.78,PO-54341,CC-100
TXN007845,2026-04-25,SUP042,Sterling Advisory,professional-services,6114.18,PO-42581,CC-400
TXN007846,2026-04-25,SUP044,Crestline Accounting,professional-services,3288.79,PO-83183,CC-100
TXN007847,2026-04-25,SUP046,Catalyst Training,professional-services,2219.36,PO-71510,CC-400
TXN007848,2026-04-25,SUP046,Catalyst Training,professional-services,3126.49,PO-19812,CC-400
TXN007849,2026-04-25,SUP050,Clearpath Compliance,professional-services,732.72,PO-59628,CC-400
TXN007850,2026-04-25,SUP051,Redstone Cloud,it-services,594.23,PO-68220,CC-400
TXN007851,2026-04-25,SUP053,Heritage Painting,facilities,524.07,PO-75191,CC-100
