transaction_id,date,initiative_id,initiative_name,category,rate_applied,baseline_rate,volume,amount_usd,savings_usd
TXN050002,2026-01-01,SAV-001,Steel Consolidation,raw-materials,641.8025,720,298.54,191603.72,23345.08
TXN050096,2026-01-01,SAV-002,Logistics RFP,logistics,2.6596,3.2,20472.51,54448.69,11062.35
TXN050097,2026-01-01,SAV-002,Logistics RFP,logistics,2.6936,3.2,14334.32,38610.92,7259.23
TXN050272,2026-01-01,SAV-004,Facilities Rebid,facilities,2.6093,2.8,26930.07,70268.63,5136.52
TXN050273,2026-01-01,SAV-004,Facilities Rebid,facilities,2.3812,2.8,15334.04,36513.42,6421.66
TXN050188,2026-01-02,SAV-003,IT License Rationalization,it-services,36.3274,45,1334.69,1616.19,11575.25
TXN050001,2026-01-03,SAV-001,Steel Consolidation,raw-materials,627.7292,720,247.36,155275.09,22824.09
TXN050003,2026-01-03,SAV-001,Steel Consolidation,raw-materials,642.587,720,303.68,195140.82,23508.78
TXN050098,2026-01-04,SAV-002,Logistics RFP,logistics,2.7353,3.2,18558.38,50762.74,8624.42
TXN050352,2026-01-04,SAV-005,Consulting Rate Card,professional-services,263.5675,285,438.48,115569.08,9397.71
TXN050354,2026-01-04,SAV-005,Consulting Rate Card,professional-services,269.2175,285,406.94,109555.37,6422.51
TXN050353,2026-01-06,SAV-005,Consulting Rate Card,professional-services,249.3402,285,418.67,104391.26,14929.7
TXN050189,2026-01-07,SAV-003,IT License Rationalization,it-services,36.496,45,1223.9,1488.92,10408.07
TXN050190,2026-01-08,SAV-003,IT License Rationalization,it-services,40.1968,45,1451.62,1945.02,6972.37
TXN050191,2026-01-08,SAV-003,IT License Rationalization,it-services,35.7707,45,1364.68,1627.19,12595.01
TXN050274,2026-01-09,SAV-004,Facilities Rebid,facilities,2.6588,2.8,18898.21,50246.56,2668.36
TXN050275,2026-01-09,SAV-004,Facilities Rebid,facilities,2.2742,2.8,27153.39,61752.24,14278.19
TXN050355,2026-01-10,SAV-005,Consulting Rate Card,professional-services,243.6481,285,372.0,90637.09,15382.91
TXN050004,2026-01-11,SAV-001,Steel Consolidation,raw-materials,638.2535,720,300.71,191929.21,24581.98
TXN050005,2026-01-11,SAV-001,Steel Consolidation,raw-materials,650.6441,720,201.22,130922.61,13955.78
TXN050099,2026-01-12,SAV-002,Logistics RFP,logistics,2.7044,3.2,16815.31,45475.32,8333.56
TXN050100,2026-01-12,SAV-002,Logistics RFP,logistics,2.7412,3.2,21387.62,58627.74,9813.06
TXN050006,2026-01-13,SAV-001,Steel Consolidation,raw-materials,696.7051,720,292.82,204009.19,6821.22
TXN050101,2026-01-14,SAV-002,Logistics RFP,logistics,2.7415,3.2,15722.61,43103.54,7209.04
TXN050276,2026-01-14,SAV-004,Facilities Rebid,facilities,2.377,2.8,24610.71,58499.66,10410.85
TXN050277,2026-01-15,SAV-004,Facilities Rebid,facilities,2.3181,2.8,17281.93,40061.24,8327.98
TXN050007,2026-01-16,SAV-001,Steel Consolidation,raw-materials,644.1697,720,276.43,178067.83,20961.76
TXN050356,2026-01-16,SAV-005,Consulting Rate Card,professional-services,243.8683,285,398.29,97130.31,16382.33
TXN050102,2026-01-17,SAV-002,Logistics RFP,logistics,2.7199,3.2,14720.88,40039.32,7068.02
TXN050192,2026-01-17,SAV-003,IT License Rationalization,it-services,35.109,45,1501.0,1756.62,14846.33
TXN050193,2026-01-18,SAV-003,IT License Rationalization,it-services,35.9924,45,1748.85,2098.18,15752.98
TXN050357,2026-01-18,SAV-005,Consulting Rate Card,professional-services,268.8132,285,349.37,93915.27,5655.19
TXN050008,2026-01-19,SAV-001,Steel Consolidation,raw-materials,681.0356,720,229.41,156236.38,8938.83
TXN050194,2026-01-20,SAV-003,IT License Rationalization,it-services,35.3465,45,1617.1,1905.29,15610.72
TXN050359,2026-01-21,SAV-005,Consulting Rate Card,professional-services,241.0814,285,336.01,81005.76,14757.07
TXN050278,2026-01-22,SAV-004,Facilities Rebid,facilities,2.3209,2.8,25150.37,58371.49,12049.11
TXN050358,2026-01-22,SAV-005,Consulting Rate Card,professional-services,248.8951,285,335.84,83588.93,12125.46
TXN050195,2026-01-23,SAV-003,IT License Rationalization,it-services,34.9523,45,1505.83,1754.41,15130.13
TXN050010,2026-01-24,SAV-001,Steel Consolidation,raw-materials,689.6463,720,233.49,161025.51,7087.3
TXN050103,2026-01-24,SAV-002,Logistics RFP,logistics,2.7133,3.2,20874.78,56639.54,10158.97
TXN050360,2026-01-25,SAV-005,Consulting Rate Card,professional-services,248.2343,285,295.95,73464.94,10880.82
TXN050009,2026-01-26,SAV-001,Steel Consolidation,raw-materials,695.6472,720,264.75,184172.6,6447.39
TXN050279,2026-01-26,SAV-004,Facilities Rebid,facilities,2.6285,2.8,21678.42,56981.73,3718.3
TXN050104,2026-01-27,SAV-002,Logistics RFP,logistics,2.6903,3.2,18959.92,51007.87,9664.16
TXN050196,2026-01-27,SAV-003,IT License Rationalization,it-services,34.8412,45,1014.33,1178.02,10304.41
TXN050280,2026-01-27,SAV-004,Facilities Rebid,facilities,2.4111,2.8,22083.75,53246.13,8588.8
TXN050106,2026-01-28,SAV-002,Logistics RFP,logistics,2.6389,3.2,17197.12,45381.48,9649.58
TXN050197,2026-01-29,SAV-003,IT License Rationalization,it-services,36.2275,45,1187.05,1433.46,10413.46
TXN050105,2026-01-30,SAV-002,Logistics RFP,logistics,2.643,3.2,15919.06,42074.08,8867.33
TXN050361,2026-01-30,SAV-005,Consulting Rate Card,professional-services,235.1737,285,303.41,71354.05,15117.79
TXN050011,2026-01-31,SAV-001,Steel Consolidation,raw-materials,650.0629,720,340.02,221034.39,23780.01
TXN050107,2026-01-31,SAV-002,Logistics RFP,logistics,2.7889,3.2,19697.28,54933.74,8097.81
TXN050281,2026-02-01,SAV-004,Facilities Rebid,facilities,2.4054,2.8,24939.18,59988.7,9840.87
TXN050108,2026-02-02,SAV-002,Logistics RFP,logistics,2.6965,3.2,17938.99,48372.49,9032.24
TXN050282,2026-02-02,SAV-004,Facilities Rebid,facilities,2.3285,2.8,17632.05,41056.23,8313.0
TXN050362,2026-02-02,SAV-005,Consulting Rate Card,professional-services,265.9572,285,464.57,123555.74,8846.73
TXN050012,2026-02-03,SAV-001,Steel Consolidation,raw-materials,645.1053,720,301.46,194473.44,22577.77
TXN050014,2026-02-04,SAV-001,Steel Consolidation,raw-materials,650.7375,720,242.32,157686.71,16783.7
TXN050013,2026-02-05,SAV-001,Steel Consolidation,raw-materials,638.5811,720,225.31,143878.71,18344.48
TXN050198,2026-02-05,SAV-003,IT License Rationalization,it-services,36.163,45,1565.87,1887.55,13837.63
TXN050363,2026-02-06,SAV-005,Consulting Rate Card,professional-services,247.8916,285,363.19,90031.75,13477.39
TXN050364,2026-02-06,SAV-005,Consulting Rate Card,professional-services,242.9569,285,306.12,74373.97,12870.24
TXN050199,2026-02-07,SAV-003,IT License Rationalization,it-services,36.0187,45,1724.26,2070.19,15486.04
TXN050284,2026-02-08,SAV-004,Facilities Rebid,facilities,2.6297,2.8,24631.69,64773.96,4195.12
TXN050365,2026-02-08,SAV-005,Consulting Rate Card,professional-services,245.0329,285,286.57,70219.08,11453.38
TXN050110,2026-02-09,SAV-002,Logistics RFP,logistics,2.7451,3.2,22735.92,62412.37,10341.73
TXN050200,2026-02-09,SAV-003,IT License Rationalization,it-services,34.2662,45,1491.72,1703.85,16011.9
TXN050283,2026-02-09,SAV-004,Facilities Rebid,facilities,2.3608,2.8,24451.86,57725.95,10738.46
TXN050109,2026-02-10,SAV-002,Logistics RFP,logistics,2.7681,3.2,20960.06,58019.54,9052.78
TXN050015,2026-02-11,SAV-001,Steel Consolidation,raw-materials,647.6182,720,314.49,203669.45,22763.35
TXN050201,2026-02-11,SAV-003,IT License Rationalization,it-services,33.6941,45,1009.98,1134.35,11418.76
TXN050016,2026-02-13,SAV-001,Steel Consolidation,raw-materials,682.1503,720,198.71,135550.09,7521.12
TXN050017,2026-02-13,SAV-001,Steel Consolidation,raw-materials,647.5414,720,323.18,209272.43,23417.18
TXN050111,2026-02-14,SAV-002,Logistics RFP,logistics,2.695,3.2,20342.36,54822.66,10273.03
TXN050366,2026-02-14,SAV-005,Consulting Rate Card,professional-services,248.4986,285,273.3,67914.67,9975.83
TXN050367,2026-02-15,SAV-005,Consulting Rate Card,professional-services,238.4979,285,441.88,105387.45,20548.34
TXN050018,2026-02-16,SAV-001,Steel Consolidation,raw-materials,654.3275,720,320.46,209685.79,21045.4
TXN050112,2026-02-16,SAV-002,Logistics RFP,logistics,2.6865,3.2,19517.91,52434.87,10021.5
TXN050202,2026-02-16,SAV-003,IT License Rationalization,it-services,36.7628,45,1642.81,2013.14,13532.13
TXN050285,2026-02-16,SAV-004,Facilities Rebid,facilities,2.3749,2.8,22204.66,52733.85,9438.15
TXN050019,2026-02-19,SAV-001,Steel Consolidation,raw-materials,643.072,720,254.82,163867.61,19602.8
TXN050113,2026-02-19,SAV-002,Logistics RFP,logistics,2.7003,3.2,15507.83,41875.79,7749.71
TXN050204,2026-02-19,SAV-003,IT License Rationalization,it-services,34.3347,45,1482.47,1696.67,15811.05
TXN050203,2026-02-20,SAV-003,IT License Rationalization,it-services,34.6209,45,1691.01,1951.48,17551.11
TXN050286,2026-02-21,SAV-004,Facilities Rebid,facilities,2.3374,2.8,18189.81,42516.86,8414.76
TXN050287,2026-02-21,SAV-004,Facilities Rebid,facilities,2.3477,2.8,27093.01,63606.26,12255.39
TXN050020,2026-02-22,SAV-001,Steel Consolidation,raw-materials,680.5708,720,200.38,136372.78,7900.83
TXN050115,2026-02-23,SAV-002,Logistics RFP,logistics,2.9236,3.2,19094.63,55825.06,5277.7
TXN050368,2026-02-24,SAV-005,Consulting Rate Card,professional-services,244.0824,285,278.57,67994.03,11398.41
TXN050021,2026-02-25,SAV-001,Steel Consolidation,raw-materials,653.28,720,338.03,220828.24,22553.37
TXN050114,2026-02-26,SAV-002,Logistics RFP,logistics,2.7104,3.2,19571.4,53046.32,9582.04
TXN050205,2026-02-26,SAV-003,IT License Rationalization,it-services,39.8657,45,1641.41,2181.2,8427.46
TXN050370,2026-02-26,SAV-005,Consulting Rate Card,professional-services,244.4719,285,439.84,107528.52,17825.88
TXN050288,2026-02-27,SAV-004,Facilities Rebid,facilities,2.355,2.8,27137.09,63907.85,12076.57
TXN050289,2026-02-27,SAV-004,Facilities Rebid,facilities,2.3456,2.8,21502.16,50435.47,9770.54
TXN050369,2026-02-27,SAV-005,Consulting Rate Card,professional-services,235.4413,285,425.72,100232.07,21098.13
TXN050207,2026-03-01,SAV-003,IT License Rationalization,it-services,41.8161,45,1433.75,1998.46,4564.91
TXN050206,2026-03-02,SAV-003,IT License Rationalization,it-services,39.6837,45,1141.34,1509.75,6067.68
TXN050022,2026-03-03,SAV-001,Steel Consolidation,raw-materials,645.1613,720,281.8,181806.45,21089.54
TXN050117,2026-03-03,SAV-002,Logistics RFP,logistics,2.6779,3.2,22652.18,60660.27,11825.79
TXN050372,2026-03-03,SAV-005,Consulting Rate Card,professional-services,249.2251,285,264.64,65954.93,9467.48
TXN050116,2026-03-04,SAV-002,Logistics RFP,logistics,2.7907,3.2,13472.14,37596.7,5514.21
TXN050371,2026-03-04,SAV-005,Consulting Rate Card,professional-services,239.1217,285,450.51,107726.72,20668.63
TXN050024,2026-03-05,SAV-001,Steel Consolidation,raw-materials,638.7313,720,224.18,143190.78,18218.82
TXN050290,2026-03-05,SAV-004,Facilities Rebid,facilities,2.6304,2.8,24756.03,65118.26,4198.82
TXN050023,2026-03-06,SAV-001,Steel Consolidation,raw-materials,692.9987,720,306.3,212265.5,8270.5
TXN050118,2026-03-06,SAV-002,Logistics RFP,logistics,3.0234,3.2,14984.81,45305.07,2646.6
TXN050291,2026-03-07,SAV-004,Facilities Rebid,facilities,2.3203,2.8,16081.66,37314.28,7714.61
TXN050292,2026-03-07,SAV-004,Facilities Rebid,facilities,2.4024,2.8,25611.81,61529.81,10182.13
TXN050209,2026-03-08,SAV-003,IT License Rationalization,it-services,40.0425,45,1228.92,1640.3,6092.42
TXN050208,2026-03-10,SAV-003,IT License Rationalization,it-services,34.8663,45,1368.48,1590.46,13867.83
TXN050373,2026-03-10,SAV-005,Consulting Rate Card,professional-services,245.7844,285,330.34,81192.42,12954.48
TXN050025,2026-03-12,SAV-001,Steel Consolidation,raw-materials,678.7499,720,270.76,183778.32,11168.87
TXN050026,2026-03-12,SAV-001,Steel Consolidation,raw-materials,653.496,720,333.4,217875.57,22172.45
TXN050119,2026-03-12,SAV-002,Logistics RFP,logistics,2.7255,3.2,15792.58,43042.68,7493.99
TXN050293,2026-03-12,SAV-004,Facilities Rebid,facilities,2.5792,2.8,16357.25,42188.62,3611.18
TXN050375,2026-03-13,SAV-005,Consulting Rate Card,professional-services,241.6963,285,285.14,68917.28,12347.62
TXN050120,2026-03-14,SAV-002,Logistics RFP,logistics,2.7429,3.2,21097.21,57867.54,9643.29
TXN050294,2026-03-14,SAV-004,Facilities Rebid,facilities,2.5681,2.8,19209.78,49332.64,4454.92
TXN050374,2026-03-14,SAV-005,Consulting Rate Card,professional-services,242.8161,285,424.72,103128.85,17916.37
TXN050211,2026-03-15,SAV-003,IT License Rationalization,it-services,36.9293,45,1363.08,1677.92,11001.02
TXN050376,2026-03-15,SAV-005,Consulting Rate Card,professional-services,248.9309,285,339.12,84417.45,12231.76
TXN050121,2026-03-16,SAV-002,Logistics RFP,logistics,2.9242,3.2,14049.13,41082.47,3874.85
TXN050210,2026-03-16,SAV-003,IT License Rationalization,it-services,35.6702,45,1840.3,2188.13,17169.57
TXN050295,2026-03-18,SAV-004,Facilities Rebid,facilities,2.3055,2.8,24629.02,56782.21,12179.94
TXN050027,2026-03-19,SAV-001,Steel Consolidation,raw-materials,645.0795,720,294.1,189717.88,22034.11
TXN050212,2026-03-19,SAV-003,IT License Rationalization,it-services,35.5517,45,1684.9,1996.7,15919.38
TXN050377,2026-03-20,SAV-005,Consulting Rate Card,professional-services,240.8761,285,291.99,70333.41,12883.74
TXN050122,2026-03-21,SAV-002,Logistics RFP,logistics,2.7686,3.2,12967.77,35902.57,5594.88
TXN050028,2026-03-22,SAV-001,Steel Consolidation,raw-materials,695.0572,720,212.84,147935.97,5308.83
TXN050296,2026-03-23,SAV-004,Facilities Rebid,facilities,2.3808,2.8,22114.86,52651.06,9270.08
TXN050214,2026-03-24,SAV-003,IT License Rationalization,it-services,35.0576,45,1392.11,1626.8,13840.9
TXN050029,2026-03-25,SAV-001,Steel Consolidation,raw-materials,650.8633,720,212.31,138184.79,14678.42
TXN050123,2026-03-25,SAV-002,Logistics RFP,logistics,2.7273,3.2,22993.63,62710.53,10869.18
TXN050213,2026-03-25,SAV-003,IT License Rationalization,it-services,34.9029,45,1816.58,2113.46,18342.13
TXN050030,2026-03-26,SAV-001,Steel Consolidation,raw-materials,646.2056,720,310.7,200776.08,22927.91
TXN050124,2026-03-26,SAV-002,Logistics RFP,logistics,2.6299,3.2,19009.23,49992.37,10836.59
TXN050125,2026-03-27,SAV-002,Logistics RFP,logistics,2.7795,3.2,20690.14,57508.24,8700.87
TXN050378,2026-03-27,SAV-005,Consulting Rate Card,professional-services,241.236,285,439.01,105905.02,19212.84
TXN050031,2026-03-28,SAV-001,Steel Consolidation,raw-materials,638.1997,720,277.22,176921.72,22676.67
TXN050126,2026-03-28,SAV-002,Logistics RFP,logistics,2.7305,3.2,17342.85,47354.65,8142.35
TXN050215,2026-03-28,SAV-003,IT License Rationalization,it-services,35.861,45,1339.66,1601.38,12243.22
TXN050297,2026-03-28,SAV-004,Facilities Rebid,facilities,2.4051,2.8,14895.68,35825.6,5882.19
TXN050298,2026-03-28,SAV-004,Facilities Rebid,facilities,2.3866,2.8,18039.81,43053.81,7458.15
TXN050379,2026-03-28,SAV-005,Consulting Rate Card,professional-services,242.113,285,425.77,103084.45,18259.98
TXN050032,2026-03-29,SAV-001,Steel Consolidation,raw-materials,655.3165,720,311.03,203823.09,20118.52
TXN050127,2026-03-31,SAV-002,Logistics RFP,logistics,2.64,3.2,21947.99,57942.69,12290.36
TXN050216,2026-03-31,SAV-003,IT License Rationalization,it-services,36.5711,45,1265.41,1542.58,10665.99
TXN050299,2026-03-31,SAV-004,Facilities Rebid,facilities,2.2719,2.8,16293.7,37017.66,8605.27
TXN050380,2026-03-31,SAV-005,Consulting Rate Card,professional-services,240.8972,285,434.11,104575.88,19145.49
TXN050033,2026-04-03,SAV-001,Steel Consolidation,raw-materials,637.742,720,259.25,165334.61,21325.38
TXN050217,2026-04-04,SAV-003,IT License Rationalization,it-services,36.4491,45,1081.3,1313.75,9246.06
TXN050381,2026-04-04,SAV-005,Consulting Rate Card,professional-services,262.6797,285,292.72,76891.6,6533.61
TXN050128,2026-04-05,SAV-002,Logistics RFP,logistics,2.6542,3.2,18628.58,49443.98,10167.14
TXN050300,2026-04-05,SAV-004,Facilities Rebid,facilities,2.4053,2.8,19999.86,48105.66,7893.73
TXN050034,2026-04-07,SAV-001,Steel Consolidation,raw-materials,649.9342,720,284.46,184880.28,19930.93
TXN050129,2026-04-07,SAV-002,Logistics RFP,logistics,2.6667,3.2,20154.02,53744.73,10747.16
TXN050035,2026-04-08,SAV-001,Steel Consolidation,raw-materials,641.4687,720,248.45,159372.9,19511.1
TXN050382,2026-04-08,SAV-005,Consulting Rate Card,professional-services,246.3222,285,352.51,86831.04,13634.3
TXN050219,2026-04-09,SAV-003,IT License Rationalization,it-services,33.7386,45,1342.46,1509.76,15117.94
TXN050218,2026-04-10,SAV-003,IT License Rationalization,it-services,36.906,45,1129.12,1389.04,9139.15
TXN050301,2026-04-11,SAV-004,Facilities Rebid,facilities,2.4171,2.8,16128.56,38984.34,6176.32
TXN050383,2026-04-11,SAV-005,Consulting Rate Card,professional-services,269.927,285,346.62,93562.1,5224.61
TXN050384,2026-04-11,SAV-005,Consulting Rate Card,professional-services,260.7045,285,404.95,105572.29,9838.48
TXN050302,2026-04-12,SAV-004,Facilities Rebid,facilities,2.6078,2.8,15497.55,40414.51,2979.13
TXN050130,2026-04-13,SAV-002,Logistics RFP,logistics,2.7008,3.2,16579.06,44776.73,8276.54
TXN050220,2026-04-13,SAV-003,IT License Rationalization,it-services,36.8825,45,1413.76,1738.1,11476.24
TXN050131,2026-04-14,SAV-002,Logistics RFP,logistics,2.7165,3.2,16746.64,45492.25,8096.63
TXN050036,2026-04-15,SAV-001,Steel Consolidation,raw-materials,642.7736,720,351.71,226069.9,27161.29
TXN050038,2026-04-15,SAV-001,Steel Consolidation,raw-materials,654.2455,720,269.83,176535.06,17742.53
TXN050132,2026-04-15,SAV-002,Logistics RFP,logistics,2.718,3.2,14051.46,38191.87,6772.12
TXN050385,2026-04-15,SAV-005,Consulting Rate Card,professional-services,239.0371,285,308.53,73750.12,14180.94
TXN050221,2026-04-16,SAV-003,IT License Rationalization,it-services,36.4211,45,1555.9,1888.92,13347.92
TXN050303,2026-04-17,SAV-004,Facilities Rebid,facilities,2.3552,2.8,20343.96,47914.09,9049.15
TXN050037,2026-04-18,SAV-001,Steel Consolidation,raw-materials,651.747,720,212.1,138235.54,14476.46
TXN050133,2026-04-18,SAV-002,Logistics RFP,logistics,2.7048,3.2,19825.53,53624.09,9816.89
TXN050386,2026-04-18,SAV-005,Consulting Rate Card,professional-services,246.7425,285,353.94,87332.04,13540.87
TXN050304,2026-04-21,SAV-004,Facilities Rebid,facilities,2.3987,2.8,19257.61,46193.23,7729.01
TXN050222,2026-04-22,SAV-003,IT License Rationalization,it-services,41.3146,45,1332.94,1835.66,4912.42
TXN050387,2026-04-22,SAV-005,Consulting Rate Card,professional-services,247.3939,285,318.95,78906.28,11994.46
TXN050039,2026-04-23,SAV-001,Steel Consolidation,raw-materials,654.1985,720,312.45,204404.32,20559.68
TXN050305,2026-04-23,SAV-004,Facilities Rebid,facilities,2.3843,2.8,22175.49,52873.02,9219.13
TXN050041,2026-04-24,SAV-001,Steel Consolidation,raw-materials,637.8776,720,214.46,136799.23,17611.97
TXN050134,2026-04-25,SAV-002,Logistics RFP,logistics,2.7939,3.2,22017.73,61515.34,8940.38
TXN050223,2026-04-25,SAV-003,IT License Rationalization,it-services,41.2197,45,1639.19,2252.23,6196.57
TXN050040,2026-04-26,SAV-001,Steel Consolidation,raw-materials,654.4041,720,329.57,215671.96,21618.43
TXN050388,2026-04-26,SAV-005,Consulting Rate Card,professional-services,241.2182,285,420.81,101507.03,18423.82
TXN050135,2026-04-27,SAV-002,Logistics RFP,logistics,2.7207,3.2,21673.25,58966.41,10387.3
TXN050136,2026-04-29,SAV-002,Logistics RFP,logistics,2.9667,3.2,21940.81,65091.8,5118.71
TXN050389,2026-04-29,SAV-005,Consulting Rate Card,professional-services,245.9192,285,354.98,87296.4,13872.88
TXN050224,2026-04-30,SAV-003,IT License Rationalization,it-services,36.5493,45,1023.54,1246.99,8649.67
TXN050306,2026-04-30,SAV-004,Facilities Rebid,facilities,2.5765,2.8,20390.95,52537.28,4558.39
TXN050042,2026-05-01,SAV-001,Steel Consolidation,raw-materials,654.276,720,215.62,141074.99,14171.4
TXN050043,2026-05-02,SAV-001,Steel Consolidation,raw-materials,639.1713,720,300.22,191892.01,24266.39
TXN050225,2026-05-03,SAV-003,IT License Rationalization,it-services,35.5345,45,1067.23,1264.12,10101.89
TXN050307,2026-05-03,SAV-004,Facilities Rebid,facilities,2.3641,2.8,17487.82,41342.96,7623.14
TXN050044,2026-05-04,SAV-001,Steel Consolidation,raw-materials,695.6345,720,286.55,199334.07,6981.95
TXN050391,2026-05-04,SAV-005,Consulting Rate Card,professional-services,241.6112,285,324.34,78364.18,14072.71
TXN050137,2026-05-05,SAV-002,Logistics RFP,logistics,2.9989,3.2,20796.32,62366.08,4181.81
TXN050226,2026-05-05,SAV-003,IT License Rationalization,it-services,36.7096,45,1207.01,1476.96,10006.64
TXN050390,2026-05-05,SAV-005,Consulting Rate Card,professional-services,267.8089,285,373.68,100074.83,6423.97
TXN050308,2026-05-06,SAV-004,Facilities Rebid,facilities,2.3981,2.8,22445.59,53826.77,9020.83
TXN050045,2026-05-07,SAV-001,Steel Consolidation,raw-materials,647.6807,720,252.15,163312.69,18235.32
TXN050227,2026-05-07,SAV-003,IT License Rationalization,it-services,36.2284,45,1090.93,1317.42,9569.16
TXN050139,2026-05-08,SAV-002,Logistics RFP,logistics,2.6936,3.2,21070.98,56756.79,10670.66
TXN050046,2026-05-09,SAV-001,Steel Consolidation,raw-materials,629.8464,720,286.47,180432.1,25826.31
TXN050138,2026-05-09,SAV-002,Logistics RFP,logistics,2.7476,3.2,14813.45,40701.44,6701.07
TXN050228,2026-05-09,SAV-003,IT License Rationalization,it-services,35.9615,45,1649.44,1977.21,14908.51
TXN050309,2026-05-09,SAV-004,Facilities Rebid,facilities,2.3079,2.8,23858.2,55062.34,11739.98
TXN050310,2026-05-11,SAV-004,Facilities Rebid,facilities,2.3176,2.8,26144.73,60593.03,12611.05
TXN050392,2026-05-11,SAV-005,Consulting Rate Card,professional-services,245.3462,285,434.02,106485.16,17210.53
TXN050047,2026-05-12,SAV-001,Steel Consolidation,raw-materials,654.6019,720,265.69,173921.18,17375.63
TXN050140,2026-05-12,SAV-002,Logistics RFP,logistics,2.7807,3.2,19914.16,55375.3,8349.22
TXN050394,2026-05-12,SAV-005,Consulting Rate Card,professional-services,239.7158,285,439.84,105436.6,19917.81
TXN050229,2026-05-13,SAV-003,IT License Rationalization,it-services,36.5771,45,1728.0,2106.84,14554.76
TXN050393,2026-05-13,SAV-005,Consulting Rate Card,professional-services,235.8054,285,359.4,84748.46,17680.54
TXN050141,2026-05-16,SAV-002,Logistics RFP,logistics,2.7372,3.2,17440.5,47738.14,8071.02
TXN050311,2026-05-16,SAV-004,Facilities Rebid,facilities,2.3378,2.8,22997.3,53763.09,10630.39
TXN050230,2026-05-17,SAV-003,IT License Rationalization,it-services,36.0498,45,1693.99,2035.6,15161.52
TXN050049,2026-05-18,SAV-001,Steel Consolidation,raw-materials,649.3425,720,279.53,181510.71,19750.9
TXN050143,2026-05-18,SAV-002,Logistics RFP,logistics,2.6259,3.2,22282.99,58512.9,12791.66
TXN050050,2026-05-19,SAV-001,Steel Consolidation,raw-materials,642.6243,720,342.79,220285.18,26523.62
TXN050142,2026-05-19,SAV-002,Logistics RFP,logistics,2.7261,3.2,18433.29,50250.99,8735.28
TXN050048,2026-05-20,SAV-001,Steel Consolidation,raw-materials,682.187,720,230.48,157230.46,8715.14
TXN050312,2026-05-20,SAV-004,Facilities Rebid,facilities,2.4093,2.8,18496.62,44563.91,7227.33
TXN050395,2026-05-21,SAV-005,Consulting Rate Card,professional-services,241.0055,285,337.17,81259.82,14833.61
TXN050051,2026-05-22,SAV-001,Steel Consolidation,raw-materials,650.3075,720,300.18,195209.31,20920.31
TXN050231,2026-05-23,SAV-003,IT License Rationalization,it-services,35.031,45,993.31,1159.89,9902.29
TXN050314,2026-05-23,SAV-004,Facilities Rebid,facilities,2.5958,2.8,15089.3,39168.8,3080.48
TXN050396,2026-05-23,SAV-005,Consulting Rate Card,professional-services,248.5686,285,464.45,115447.69,16920.54
TXN050144,2026-05-24,SAV-002,Logistics RFP,logistics,2.7014,3.2,13771.2,37201.52,6866.95
TXN050232,2026-05-24,SAV-003,IT License Rationalization,it-services,36.4485,45,1731.79,2104.04,14809.34
TXN050313,2026-05-24,SAV-004,Facilities Rebid,facilities,2.3748,2.8,22801.26,54148.43,9695.65
TXN050397,2026-05-27,SAV-005,Consulting Rate Card,professional-services,240.7836,285,472.65,113806.37,20898.88
TXN050398,2026-05-27,SAV-005,Consulting Rate Card,professional-services,246.0314,285,357.78,88025.11,13942.17
TXN050052,2026-05-28,SAV-001,Steel Consolidation,raw-materials,682.4579,720,208.24,142115.03,7817.77
TXN050053,2026-05-28,SAV-001,Steel Consolidation,raw-materials,637.6945,720,333.42,212620.1,27442.31
TXN050145,2026-05-28,SAV-002,Logistics RFP,logistics,2.7608,3.2,13899.29,38373.16,6105.12
TXN050146,2026-05-28,SAV-002,Logistics RFP,logistics,2.6885,3.2,17441.5,46891.47,8921.24
TXN050399,2026-05-28,SAV-005,Consulting Rate Card,professional-services,264.1282,285,318.25,84058.8,6642.45
TXN050315,2026-05-29,SAV-004,Facilities Rebid,facilities,2.3606,2.8,27276.41,64388.69,11986.36
TXN050233,2026-05-30,SAV-003,IT License Rationalization,it-services,36.9443,45,1385.27,1705.93,11159.37
TXN050147,2026-06-01,SAV-002,Logistics RFP,logistics,2.7456,3.2,18152.38,49839.17,8248.5
TXN050317,2026-06-01,SAV-004,Facilities Rebid,facilities,2.3402,2.8,20066.79,46960.3,9226.5
TXN050054,2026-06-02,SAV-001,Steel Consolidation,raw-materials,636.2387,720,311.66,198290.15,26105.05
TXN050148,2026-06-02,SAV-002,Logistics RFP,logistics,2.7315,3.2,18449.54,50394.92,8642.7
TXN050400,2026-06-02,SAV-005,Consulting Rate Card,professional-services,243.0845,285,340.25,82709.5,14261.75
TXN050234,2026-06-03,SAV-003,IT License Rationalization,it-services,33.4224,45,1038.44,1156.91,12022.65
TXN050316,2026-06-03,SAV-004,Facilities Rebid,facilities,2.3833,2.8,25370.58,60465.7,10572.77
TXN050401,2026-06-03,SAV-005,Consulting Rate Card,professional-services,242.1719,285,372.24,90146.07,15942.32
TXN050235,2026-06-04,SAV-003,IT License Rationalization,it-services,34.8846,45,1433.3,1666.67,14498.35
TXN050236,2026-06-04,SAV-003,IT License Rationalization,it-services,36.0562,45,1521.92,1829.16,13611.81
TXN050056,2026-06-08,SAV-001,Steel Consolidation,raw-materials,684.9188,720,244.91,167743.46,8591.73
TXN050055,2026-06-09,SAV-001,Steel Consolidation,raw-materials,644.6535,720,314.54,202769.31,23699.48
TXN050149,2026-06-10,SAV-002,Logistics RFP,logistics,2.7591,3.2,15866.13,43776.24,6995.42
TXN050150,2026-06-11,SAV-002,Logistics RFP,logistics,2.7604,3.2,20548.58,56722.3,9032.33
TXN050151,2026-06-11,SAV-002,Logistics RFP,logistics,2.7569,3.2,17205.54,47433.95,7623.39
TXN050238,2026-06-11,SAV-003,IT License Rationalization,it-services,36.8682,45,1368.32,1681.58,11126.88
TXN050318,2026-06-11,SAV-004,Facilities Rebid,facilities,2.3715,2.8,16056.92,38078.99,6879.66
TXN050319,2026-06-11,SAV-004,Facilities Rebid,facilities,2.6251,2.8,23671.24,62139.37,4140.3
TXN050402,2026-06-11,SAV-005,Consulting Rate Card,professional-services,248.9516,285,468.65,116671.17,16894.07
TXN050237,2026-06-12,SAV-003,IT License Rationalization,it-services,34.798,45,1416.33,1642.85,14449.34
TXN050057,2026-06-13,SAV-001,Steel Consolidation,raw-materials,652.8391,720,237.32,154931.78,15938.62
TXN050058,2026-06-13,SAV-001,Steel Consolidation,raw-materials,654.0496,720,215.32,140829.96,14200.45
TXN050403,2026-06-15,SAV-005,Consulting Rate Card,professional-services,245.7032,285,435.83,107084.83,17126.74
TXN050239,2026-06-16,SAV-003,IT License Rationalization,it-services,36.2831,45,1036.23,1253.25,9032.68
TXN050320,2026-06-16,SAV-004,Facilities Rebid,facilities,2.3777,2.8,20284.59,48230.67,8566.43
TXN050404,2026-06-16,SAV-005,Consulting Rate Card,professional-services,237.1981,285,432.4,102564.46,20669.55
TXN050060,2026-06-17,SAV-001,Steel Consolidation,raw-materials,645.0295,720,306.98,198011.16,23014.44
TXN050152,2026-06-18,SAV-002,Logistics RFP,logistics,2.7658,3.2,21187.48,58600.33,9199.77
TXN050321,2026-06-18,SAV-004,Facilities Rebid,facilities,2.3904,2.8,26025.24,62210.73,10658.81
TXN050405,2026-06-18,SAV-005,Consulting Rate Card,professional-services,232.9673,285,286.75,66803.37,14920.38
TXN050059,2026-06-20,SAV-001,Steel Consolidation,raw-materials,649.9391,720,190.15,123585.92,13322.07
TXN050322,2026-06-21,SAV-004,Facilities Rebid,facilities,2.3153,2.8,18754.63,43422.59,9089.85
TXN050406,2026-06-21,SAV-005,Consulting Rate Card,professional-services,264.4223,285,311.27,82306.73,6405.21
TXN050323,2026-06-22,SAV-004,Facilities Rebid,facilities,2.3174,2.8,16565.49,38388.87,7994.66
TXN050153,2026-06-23,SAV-002,Logistics RFP,logistics,2.6949,3.2,22010.89,59317.15,11116.86
TXN050240,2026-06-23,SAV-003,IT License Rationalization,it-services,35.4939,45,1219.48,1442.8,11592.44
TXN050154,2026-06-24,SAV-002,Logistics RFP,logistics,2.7378,3.2,17036.26,46641.87,7873.66
TXN050061,2026-06-25,SAV-001,Steel Consolidation,raw-materials,636.6519,720,306.59,195191.11,25553.68
TXN050062,2026-06-26,SAV-001,Steel Consolidation,raw-materials,645.301,720,347.58,224293.72,25963.89
TXN050241,2026-06-26,SAV-003,IT License Rationalization,it-services,39.9075,45,1103.77,1468.29,5620.99
TXN050155,2026-06-28,SAV-002,Logistics RFP,logistics,2.7703,3.2,22169.5,61416.17,9525.97
TXN050242,2026-06-28,SAV-003,IT License Rationalization,it-services,37.0968,45,1237.32,1530.02,9778.83
TXN050407,2026-06-28,SAV-005,Consulting Rate Card,professional-services,241.0061,285,397.22,95732.44,17475.26
TXN050064,2026-06-29,SAV-001,Steel Consolidation,raw-materials,635.1633,720,272.13,172846.99,23086.62
TXN050063,2026-06-30,SAV-001,Steel Consolidation,raw-materials,644.8131,720,313.46,202123.11,23568.09
TXN050156,2026-07-01,SAV-002,Logistics RFP,logistics,2.7333,3.2,17241.25,47125.51,8046.82
TXN050243,2026-07-01,SAV-003,IT License Rationalization,it-services,35.3107,45,1741.55,2049.84,16874.45
TXN050324,2026-07-01,SAV-004,Facilities Rebid,facilities,2.346,2.8,16286.56,38208.27,7393.6
TXN050325,2026-07-01,SAV-004,Facilities Rebid,facilities,2.3741,2.8,22561.62,53563.54,9608.91
TXN050408,2026-07-02,SAV-005,Consulting Rate Card,professional-services,239.4175,285,448.41,107357.2,20439.63
TXN050326,2026-07-03,SAV-004,Facilities Rebid,facilities,2.6088,2.8,22070.92,57578.62,4220.88
TXN050157,2026-07-04,SAV-002,Logistics RFP,logistics,2.7426,3.2,14175.34,38877.29,6483.62
TXN050409,2026-07-04,SAV-005,Consulting Rate Card,professional-services,264.7986,285,378.19,100144.18,7639.98
TXN050065,2026-07-05,SAV-001,Steel Consolidation,raw-materials,650.3293,720,206.91,134559.64,14415.57
TXN050066,2026-07-05,SAV-001,Steel Consolidation,raw-materials,641.2422,720,291.25,186761.79,22938.19
TXN050244,2026-07-05,SAV-003,IT License Rationalization,it-services,33.5296,45,1404.61,1569.87,16111.47
TXN050410,2026-07-06,SAV-005,Consulting Rate Card,professional-services,249.0308,285,278.88,69449.71,10031.1
TXN050158,2026-07-07,SAV-002,Logistics RFP,logistics,2.7459,3.2,21684.52,59543.52,9846.79
TXN050246,2026-07-08,SAV-003,IT License Rationalization,it-services,33.7172,45,1528.21,1717.57,17242.43
TXN050160,2026-07-09,SAV-002,Logistics RFP,logistics,2.7701,3.2,20511.45,56818.77,8818.24
TXN050245,2026-07-09,SAV-003,IT License Rationalization,it-services,35.1842,45,1016.89,1192.62,9981.56
TXN050327,2026-07-09,SAV-004,Facilities Rebid,facilities,2.4139,2.8,23668.11,57132.45,9139.42
TXN050159,2026-07-10,SAV-002,Logistics RFP,logistics,3.0167,3.2,17285.68,52145.71,3167.9
TXN050412,2026-07-10,SAV-005,Consulting Rate Card,professional-services,245.3859,285,443.36,108794.29,17563.3
TXN050067,2026-07-11,SAV-001,Steel Consolidation,raw-materials,650.0006,720,326.41,212166.7,22848.52
TXN050411,2026-07-11,SAV-005,Consulting Rate Card,professional-services,262.6504,285,442.2,116144.01,9882.97
TXN050068,2026-07-12,SAV-001,Steel Consolidation,raw-materials,648.8384,720,272.13,176568.39,19365.2
TXN050328,2026-07-12,SAV-004,Facilities Rebid,facilities,2.3398,2.8,19495.26,45615.01,8971.86
TXN050161,2026-07-13,SAV-002,Logistics RFP,logistics,2.7552,3.2,21453.24,59107.97,9541.38
TXN050247,2026-07-13,SAV-003,IT License Rationalization,it-services,35.2559,45,1672.2,1965.16,16294.09
TXN050248,2026-07-13,SAV-003,IT License Rationalization,it-services,36.6746,45,1596.05,1951.15,13287.7
TXN050329,2026-07-14,SAV-004,Facilities Rebid,facilities,2.3361,2.8,22222.43,51913.82,10309.11
TXN050413,2026-07-14,SAV-005,Consulting Rate Card,professional-services,243.0586,285,318.98,77530.83,13378.46
TXN050414,2026-07-15,SAV-005,Consulting Rate Card,professional-services,239.4591,285,424.02,101535.45,19310.26
TXN050162,2026-07-17,SAV-002,Logistics RFP,logistics,2.7582,3.2,15438.6,42582.75,6820.33
TXN050163,2026-07-17,SAV-002,Logistics RFP,logistics,2.6418,3.2,20788.34,54918.64,11603.59
TXN050069,2026-07-19,SAV-001,Steel Consolidation,raw-materials,639.1414,720,221.95,141857.43,17946.56
TXN050249,2026-07-20,SAV-003,IT License Rationalization,it-services,35.3634,45,1256.65,1481.31,12109.84
TXN050070,2026-07-21,SAV-001,Steel Consolidation,raw-materials,650.583,720,250.39,162899.48,17381.32
TXN050250,2026-07-21,SAV-003,IT License Rationalization,it-services,35.5367,45,1003.96,1189.25,9500.81
TXN050330,2026-07-22,SAV-004,Facilities Rebid,facilities,2.5824,2.8,18411.81,47546.66,4005.61
TXN050331,2026-07-22,SAV-004,Facilities Rebid,facilities,2.4011,2.8,21065.48,50580.32,8403.93
TXN050415,2026-07-22,SAV-005,Consulting Rate Card,professional-services,241.4041,285,316.28,76351.29,13788.5
TXN050071,2026-07-23,SAV-001,Steel Consolidation,raw-materials,635.7655,720,215.87,137242.7,18183.71
TXN050332,2026-07-23,SAV-004,Facilities Rebid,facilities,2.3836,2.8,20116.25,47949.09,8376.27
TXN050164,2026-07-25,SAV-002,Logistics RFP,logistics,2.7452,3.2,17654.84,48466.07,8028.54
TXN050165,2026-07-25,SAV-002,Logistics RFP,logistics,2.7716,3.2,15031.62,41661.64,6439.72
TXN050416,2026-07-26,SAV-005,Consulting Rate Card,professional-services,243.8507,285,455.26,111015.47,18733.65
TXN050417,2026-07-26,SAV-005,Consulting Rate Card,professional-services,242.593,285,288.72,70041.45,12243.76
TXN050073,2026-07-27,SAV-001,Steel Consolidation,raw-materials,689.5749,720,339.54,234138.26,10330.54
TXN050252,2026-07-27,SAV-003,IT License Rationalization,it-services,37.0241,45,1183.45,1460.54,9439.05
TXN050072,2026-07-28,SAV-001,Steel Consolidation,raw-materials,639.5895,720,344.59,220396.15,27708.67
TXN050251,2026-07-28,SAV-003,IT License Rationalization,it-services,41.9469,45,1339.36,1872.73,4089.24
TXN050166,2026-07-30,SAV-002,Logistics RFP,logistics,2.7616,3.2,17176.66,47435.06,7530.98
TXN050418,2026-07-30,SAV-005,Consulting Rate Card,professional-services,248.2071,285,352.46,87483.07,12968.01
TXN050167,2026-07-31,SAV-002,Logistics RFP,logistics,2.6866,3.2,20102.68,54007.86,10320.98
TXN050074,2026-08-01,SAV-001,Steel Consolidation,raw-materials,674.8309,720,338.9,228700.19,15307.82
TXN050075,2026-08-01,SAV-001,Steel Consolidation,raw-materials,646.9571,720,286.96,185650.81,20960.4
TXN050253,2026-08-01,SAV-003,IT License Rationalization,it-services,37.0382,45,1708.0,2108.71,13598.8
TXN050333,2026-08-01,SAV-004,Facilities Rebid,facilities,2.2686,2.8,24687.78,56006.7,13119.41
TXN050334,2026-08-01,SAV-004,Facilities Rebid,facilities,2.6531,2.8,16138.2,42816.26,2370.72
TXN050419,2026-08-02,SAV-005,Consulting Rate Card,professional-services,244.1692,285,464.29,113365.32,18957.34
TXN050077,2026-08-05,SAV-001,Steel Consolidation,raw-materials,675.6236,720,207.8,140394.58,9221.41
TXN050168,2026-08-06,SAV-002,Logistics RFP,logistics,2.7762,3.2,14980.81,41589.72,6349.01
TXN050255,2026-08-06,SAV-003,IT License Rationalization,it-services,34.342,45,1797.87,2058.08,19161.7
TXN050335,2026-08-06,SAV-004,Facilities Rebid,facilities,2.4033,2.8,22944.52,55142.56,9101.59
TXN050170,2026-08-07,SAV-002,Logistics RFP,logistics,2.7091,3.2,22021.65,59658.85,10810.73
TXN050076,2026-08-08,SAV-001,Steel Consolidation,raw-materials,644.6932,720,269.03,173441.81,20259.79
TXN050078,2026-08-08,SAV-001,Steel Consolidation,raw-materials,652.5236,720,248.61,162223.89,16775.32
TXN050254,2026-08-08,SAV-003,IT License Rationalization,it-services,36.8108,45,1088.84,1336.04,8916.72
TXN050256,2026-08-08,SAV-003,IT License Rationalization,it-services,36.6499,45,1543.25,1885.33,12886.28
TXN050420,2026-08-08,SAV-005,Consulting Rate Card,professional-services,243.5133,285,305.13,74303.21,12658.83
TXN050169,2026-08-10,SAV-002,Logistics RFP,logistics,2.7662,3.2,16064.45,44437.48,6969.32
TXN050336,2026-08-11,SAV-004,Facilities Rebid,facilities,2.3383,2.8,25753.64,60219.74,11890.18
TXN050337,2026-08-11,SAV-004,Facilities Rebid,facilities,2.5401,2.8,21642.24,54973.45,5625.36
TXN050421,2026-08-11,SAV-005,Consulting Rate Card,professional-services,246.6694,285,355.47,87683.57,13625.37
TXN050257,2026-08-12,SAV-003,IT License Rationalization,it-services,35.0831,45,1123.29,1313.62,11139.59
TXN050338,2026-08-13,SAV-004,Facilities Rebid,facilities,2.3711,2.8,25599.78,60699.64,10980.27
TXN050080,2026-08-15,SAV-001,Steel Consolidation,raw-materials,647.1861,720,320.74,207578.47,23354.32
TXN050171,2026-08-15,SAV-002,Logistics RFP,logistics,2.6831,3.2,13335.18,35779.62,6893.08
TXN050172,2026-08-15,SAV-002,Logistics RFP,logistics,2.7638,3.2,14086.31,38931.74,6143.96
TXN050422,2026-08-15,SAV-005,Consulting Rate Card,professional-services,238.9612,285,333.15,79609.92,15337.82
TXN050079,2026-08-16,SAV-001,Steel Consolidation,raw-materials,688.7613,720,349.76,240901.15,10926.04
TXN050258,2026-08-16,SAV-003,IT License Rationalization,it-services,35.9519,45,1785.62,2139.88,16156.46
TXN050423,2026-08-16,SAV-005,Consulting Rate Card,professional-services,239.7978,285,262.2,62874.98,11852.02
TXN050424,2026-08-17,SAV-005,Consulting Rate Card,professional-services,248.1109,285,268.04,66503.65,9887.75
TXN050339,2026-08-19,SAV-004,Facilities Rebid,facilities,2.3583,2.8,20114.62,47436.31,8885.5
TXN050173,2026-08-20,SAV-002,Logistics RFP,logistics,2.7631,3.2,16568.97,45781.72,7238.58
TXN050174,2026-08-21,SAV-002,Logistics RFP,logistics,2.7839,3.2,14107.42,39273.65,5870.72
TXN050082,2026-08-22,SAV-001,Steel Consolidation,raw-materials,625.2546,720,228.77,143039.49,21674.9
TXN050340,2026-08-22,SAV-004,Facilities Rebid,facilities,2.3247,2.8,25884.46,60173.6,12303.69
TXN050081,2026-08-23,SAV-001,Steel Consolidation,raw-materials,688.8655,720,228.54,157433.32,7115.49
TXN050083,2026-08-23,SAV-001,Steel Consolidation,raw-materials,689.0216,720,281.83,194186.96,8730.65
TXN050260,2026-08-23,SAV-003,IT License Rationalization,it-services,33.4829,45,1592.33,1777.19,18339.08
TXN050425,2026-08-23,SAV-005,Consulting Rate Card,professional-services,244.6614,285,366.64,89702.66,14789.75
TXN050259,2026-08-24,SAV-003,IT License Rationalization,it-services,36.734,45,1240.58,1519.05,10254.67
TXN050341,2026-08-24,SAV-004,Facilities Rebid,facilities,2.3131,2.8,19909.83,46053.43,9694.68
TXN050427,2026-08-26,SAV-005,Consulting Rate Card,professional-services,263.8642,285,474.86,125298.55,10036.55
TXN050175,2026-08-27,SAV-002,Logistics RFP,logistics,3.0507,3.2,14761.19,45031.96,2204.19
TXN050342,2026-08-27,SAV-004,Facilities Rebid,facilities,2.3148,2.8,25120.16,58148.15,12188.36
TXN050426,2026-08-27,SAV-005,Consulting Rate Card,professional-services,244.734,285,308.15,75414.78,12407.98
TXN050176,2026-08-28,SAV-002,Logistics RFP,logistics,2.6874,3.2,16909.32,45442.11,8667.92
TXN050261,2026-08-29,SAV-003,IT License Rationalization,it-services,34.3859,45,1345.73,1542.47,14283.67
TXN050085,2026-08-30,SAV-001,Steel Consolidation,raw-materials,644.7127,720,308.57,198939.0,23231.41
TXN050177,2026-08-30,SAV-002,Logistics RFP,logistics,2.71,3.2,16011.36,43390.79,7846.18
TXN050428,2026-08-31,SAV-005,Consulting Rate Card,professional-services,246.0484,285,338.72,83341.51,13193.67
TXN050084,2026-09-01,SAV-001,Steel Consolidation,raw-materials,642.6774,720,202.42,130090.76,15651.65
TXN050262,2026-09-02,SAV-003,IT License Rationalization,it-services,35.2506,45,1402.73,1648.24,13675.83
TXN050087,2026-09-03,SAV-001,Steel Consolidation,raw-materials,637.7564,720,348.57,222302.75,28667.67
TXN050178,2026-09-03,SAV-002,Logistics RFP,logistics,3.0567,3.2,17455.2,53355.31,2502.02
TXN050343,2026-09-05,SAV-004,Facilities Rebid,facilities,2.3738,2.8,19719.82,46810.91,8405.28
TXN050429,2026-09-05,SAV-005,Consulting Rate Card,professional-services,248.7151,285,262.54,65297.66,9526.23
TXN050086,2026-09-06,SAV-001,Steel Consolidation,raw-materials,636.8424,720,322.25,205222.46,26797.55
TXN050263,2026-09-06,SAV-003,IT License Rationalization,it-services,36.9409,45,1393.99,1716.51,11234.27
TXN050430,2026-09-07,SAV-005,Consulting Rate Card,professional-services,240.0611,285,460.87,110636.96,20710.98
TXN050179,2026-09-08,SAV-002,Logistics RFP,logistics,2.7423,3.2,13139.39,36032.15,6013.85
TXN050180,2026-09-08,SAV-002,Logistics RFP,logistics,2.6849,3.2,21378.7,57399.67,11012.98
TXN050264,2026-09-08,SAV-003,IT License Rationalization,it-services,36.5924,45,1380.86,1684.3,11609.78
TXN050344,2026-09-08,SAV-004,Facilities Rebid,facilities,2.3525,2.8,23888.05,56196.64,10690.05
TXN050088,2026-09-09,SAV-001,Steel Consolidation,raw-materials,652.2679,720,276.2,180156.39,18707.61
TXN050265,2026-09-09,SAV-003,IT License Rationalization,it-services,35.5516,45,1115.36,1321.76,10538.34
TXN050345,2026-09-09,SAV-004,Facilities Rebid,facilities,2.3569,2.8,18634.16,43918.85,8256.24
TXN050346,2026-09-09,SAV-004,Facilities Rebid,facilities,2.4143,2.8,18633.85,44987.7,7186.23
TXN050089,2026-09-11,SAV-001,Steel Consolidation,raw-materials,651.9912,720,210.06,136957.27,14285.92
TXN050431,2026-09-12,SAV-005,Consulting Rate Card,professional-services,241.9411,285,440.73,106630.7,18977.35
TXN050181,2026-09-13,SAV-002,Logistics RFP,logistics,2.6971,3.2,16637.84,44873.92,8367.05
TXN050182,2026-09-13,SAV-002,Logistics RFP,logistics,3.0491,3.2,20704.1,63128.87,3123.33
TXN050266,2026-09-13,SAV-003,IT License Rationalization,it-services,35.1543,45,1154.46,1352.81,11366.47
TXN050267,2026-09-13,SAV-003,IT License Rationalization,it-services,36.9061,45,1502.14,1847.94,12158.12
TXN050090,2026-09-15,SAV-001,Steel Consolidation,raw-materials,651.9474,720,296.85,193530.59,20201.43
TXN050183,2026-09-16,SAV-002,Logistics RFP,logistics,2.7307,3.2,22588.69,61682.94,10600.81
TXN050433,2026-09-16,SAV-005,Consulting Rate Card,professional-services,244.0675,285,430.23,105005.16,17610.4
TXN050348,2026-09-17,SAV-004,Facilities Rebid,facilities,2.3907,2.8,26709.6,63854.64,10931.87
TXN050432,2026-09-17,SAV-005,Consulting Rate Card,professional-services,234.9164,285,399.15,93766.88,19990.89
TXN050347,2026-09-18,SAV-004,Facilities Rebid,facilities,2.4184,2.8,17907.82,43308.27,6833.51
TXN050091,2026-09-20,SAV-001,Steel Consolidation,raw-materials,627.4199,720,343.51,215525.01,31802.2
TXN050268,2026-09-20,SAV-003,IT License Rationalization,it-services,36.5023,45,1627.1,1979.76,13826.65
TXN050184,2026-09-21,SAV-002,Logistics RFP,logistics,2.7809,3.2,12682.5,35268.76,5315.38
TXN050435,2026-09-21,SAV-005,Consulting Rate Card,professional-services,262.5014,285,319.38,83837.7,7185.59
TXN050093,2026-09-23,SAV-001,Steel Consolidation,raw-materials,650.6392,720,275.38,179173.02,19100.58
TXN050434,2026-09-23,SAV-005,Consulting Rate Card,professional-services,269.908,285,286.58,77350.23,4325.07
TXN050092,2026-09-24,SAV-001,Steel Consolidation,raw-materials,642.6208,720,216.46,139101.7,16749.49
TXN050094,2026-09-25,SAV-001,Steel Consolidation,raw-materials,642.0244,720,288.21,185037.85,22473.35
TXN050269,2026-09-25,SAV-003,IT License Rationalization,it-services,41.1916,45,1108.44,1521.95,4221.42
TXN050270,2026-09-25,SAV-003,IT License Rationalization,it-services,36.5076,45,1051.71,1279.85,8931.54
TXN050349,2026-09-25,SAV-004,Facilities Rebid,facilities,2.3141,2.8,23349.0,54031.92,11345.57
TXN050185,2026-09-26,SAV-002,Logistics RFP,logistics,2.6868,3.2,21889.4,58812.44,11233.78
TXN050186,2026-09-27,SAV-002,Logistics RFP,logistics,3.0233,3.2,18628.78,56320.39,3292.58
TXN050350,2026-09-28,SAV-004,Facilities Rebid,facilities,2.5877,2.8,20671.39,53491.36,4389.41
TXN050436,2026-09-28,SAV-005,Consulting Rate Card,professional-services,265.4715,285,438.66,116451.73,8566.36
TXN050095,2026-09-29,SAV-001,Steel Consolidation,raw-materials,654.62086776,720,346.36,226734.48,22644.72
TXN050187,2026-09-30,SAV-002,Logistics RFP,logistics,2.7502,3.2,17574.55,48333.53,7905.03
TXN050271,2026-09-30,SAV-003,IT License Rationalization,it-services,35.63472812,45,1649.55,1959.38,15448.48
TXN050351,2026-09-30,SAV-004,Facilities Rebid,facilities,2.35750009,2.8,15847.33,37360.08,7012.44
TXN050437,2026-09-30,SAV-005,Consulting Rate Card,professional-services,240.9793866,285,409.28,98628.04,18016.76
